 "What kind of pet is this (Dog, Cat, Bird, Other)","Pet's Full Name (you don't have to include your last name. Think ""Winston Churchill"" and not ""Winston Churchill MYLASTNAME"")","Pet's everyday name (e.g. ""Church"")",Pet's age,Pet's breed (if applicable)
Dog,Widget,Widget,5,Dachshund
Dog,Stella Bo Bella,Stella,6.5,Mix
Cat,Meryl Streep,Merrill,8,
Dog,Tilly,Tills,13,Labrador Retriever
Cat,Pumpkin,Pumpkin,12,
Dog,Peter Peter Pumpkin Eater,Petey,5,American Pit Bull Terrier
Cat,Jacques,Jacques,12,
Dog,Remy,Rem,1,
Dog,Oreo,Oreo,7,Mix
Dog,Ljus  (Swedish word for light),Ljus,0,Golden Retriever
Dog,Bambi,Bambs,3,
Cat,Marie Curie,Marie,3,
Cat,Clarence,Clarence,12,Russian Blue
Dog,Layla ‚ÄòThe Tank‚Äô,Layla,3,American Pit Bull Terrier
Cat,Amber,Ambs,10,
Dog,Benny and the Jets,Ben,1,Mix
Dog,Milo,Milo,7,Bichon Frise
Dog,Mocha,Mocha,3,Mix
Dog,Shadow,Shadow,15,Golden Retriever
Cat,Little Bit,Skittles,10,
Dog,Luna,Luna,1,Great Pyrenees
Cat,Garrison,Garrison,9,Russian Blue
Dog,Cody,"Baby, Pookie",13,Mix
Hamster,Hammy,Ham,1,Russian dwarf hamster
Cat,Zoey,Zoey,13,
Dog,Oatmeal,Oatmeal,0,Golden Retriever
Dog,Ginger,Nugget,10,Chihuahua
Cat,Lucy,Lucy,4,Russian Blue
Dog,Starbuck Louise,Starbuck,4,Mix
Dog,Mocha Antoinette,Mocha,7,Mix
Dog,Oscar,Oscar,10,Mix
Cat,Serena,Mouse Pie,17,Domestic long-hair
Cat,Maxine Waters,Maxine,4,
Dog,Magnolia Mae,Noli,2.5,Mix
Dog,George Cooper,Georgie,2,Golden Retriever
Dog,Cayenne,Cayenne,8,German Shepherd
Cat,Pip,Pip,11,
Dog,Olive Oil,Olive,2,Australian Shepherd
Rabbit,Iggy,Igs,3,Lop
Rabbit,Ziggy,Zigs,3,Angora
Dog,Brook,Brookie,7,Golden Retriever
Dog,Sparkie,"Spark, Sparkie, sparkle",4,Mix
Dog,Max,Maxie,16,Mix
Dog,Howard,Howie,10,Mix
Cat,Samantha Bee,Sam,3,
Dog,Ella Fitzgerald,Ella,12,Mix
Cat,Chanel,Teeny,6,
Fish,Commander Ambrose,The Commander,0,Betta fish
Dog,Josephine Bakes,Josie,5,Mix
Dog,Lennie,Lennie,2,Treeing Tennessee Brindle
Cat,Obsidian Jazz Paws,OJP,1,
Cat,Scotty,Scotty,8,Domestic short-hair
Cat,Macallan,Mac,8,
Dog,Cody James,Buddy,1.5,Golden Retriever
Dog,Jake,Jake,2,Mix
Cat,Katie,Boo,9,Domestic short-hair
Dog,Gail,Gail,3,Treeing Tennessee Brindle
Hamster,Bella,Bella,2,Russian Dwarf Hamster
Cat,June Bug,June Bug,5,
Dog,Lucky,"Luck, Luckboy, Luck duck",3,Mix
Dog,Darcy,Darcy,3,Cocker Spaniel
Cat,Neko,"Neko, Cat, Kitten",6,Domestic short-hair
Cat,Maisy,Maisy,7,
Dog,Luke Anakin,Luke,9,Golden Retriever
Dog,Sadie,Sadie Pot Pie,10,Mix
Dog,Hazel Nut,Hazel,3,Australian Shepherd
Cat,Mongoose,Goosey,1,
Cat,Flerf,Bab,16,
Dog,Bourbon,Bourbon,3,Mix
Dog,Riley,Smiley Riley,13,Golden Retriever
Cat,Murphy,Murph,13,Domestic short-hair
Dog,Mr. Nubs,Mr. Nubs,16,Corgi
Cat,Mackerel,Mack,1,
Cat,Regis,"Regis (or ""little asshole"")",0,
Cat,Laetynne Marah,Lae lae,7,Siamese
Cat,Callie,Callie,15,Domestic short-hair
Dog,Bentley,Bentley boy,3,Mix
Cat,Crumb Bun,Bobo,9,
Dog,Fenway,Fenway,6,Boston Terrier
Dog,Benelli,Name,3,Labrador Retriever
Turtle,Lenny,Lenny,12,
Dog,Washington the Destroyer,Wash,6.5,Labrador Retriever
Cat,Otto,Otto,16,
Dog,Philomenos,"Philo, Phil, phi phi",9,Portuguese Water Dog
Dog,Stampy Wiggles,Stampy,10,Mix
Dog,Jasmine,Jaz,5,Golden Retriever
Dog,Emma,Puppy,1,Labrador Retriever
Dog,Winston,Wintin,4,Mix
Dog,Torchenay Be Cool,Max,13,Beagle
Cat,Petunia Marie,Tooney,7,Domestic short-hair
Dog,Brutus,Brutus,7,Labrador Retriever
Cat,Louis,LouLou,4,
Cat,Lilah May,Lilah,12,Domestic short-hair
Dog,Lucu,Puppy,7,Mix
Dog,Mosephine,Mo,1,Poodle (Standard)
Dog,Abegeweit,Abi (Abby),16,Mix
Dog,Kramer,Kray Kray,12,Golden Retriever
Bird,Coco Moe,Coco,15,Cockatiel
Cat,Apollo,Beeper,1,
Dog,Rusty,Wusty,5,Labrador Retriever
Dog,Demi,"Dems, demi dog, the queen",6,Mix
Dog,Alfredog,Alfie,11,Mix
Rabbit,Professor Nibblesworth Bunnypants,Nibbles,6,Netherland Dwarf
Dog,Shorty Do-Op,Shorty,15,Mix
Dog,Penny,Penny,3,Australian Shepherd
Dog,Tuxedo,Tux,1,Schnauzer
Dog,Sally,Sally,7,Golden Retriever
Dog,Lola,Lola,6,Mix
Cat,Noodle,Noodle,4,Domestic medium-hair
Dog,Gustav,Goober,10,Mix
Hamster,Charlie,Charlie,1.5,Syrian
Dog,Poppy Sue Galushka Clementine,Poppy,4,Treeing Walker Coonhound
Dog,Duke,Duke,3,Australian Shepherd
Dog,Millie,Mills,7,Jack Russell Terrier
Dog,Sir Winston of Weston,"Winston , Winnie",10,Golden Retriever
Cat,Bucky,Bucks,2,Norwegian Forest cat
Dog,Angus OgDog Dogga McDuff,Angus,,West Highland White Terrier
Cat,Spot,Spotty Bear,4,Domestic short-hair
Cat,Cookie,Cooks,2,Ragdoll
Dog,Lady,Doofus,6,Mix
Dog,Maggie Peaches,Maggie,13,Mix
Cat,Amelia,Amelita,2,
Dog,Camembert,Cami,5,Bernese Mountain Dog
Dog,Shadow,Shadow,3,Saluki
Dog,Archer,archer,3,Golden Retriever
Dog,Robbie,robz,1.5,Whippet
Cat,Noah,Noah,2,
,Penny,Pen,4,
Cat,Lovey Cat,Lovey,18,
Dog,Roxy,Roxy,8,American Pit Bull Terrier
Dog,Ashton Sebastian,Ash,9,Mix
Dog,Maximum,Max,10,Mix
Dog,Rosalind Pearl,Rosie,5,Mix
Rabbit,Lena,Lena,8,dwarf rabbit
Hamster,Beauxbaton,Beau,2.5,Winter white
Dog,Chyna,Chyna,16,Mix
Dog,Sadie,Sadie,4,Mix
Dog,Flynn,Flynn,0,Corgi
Cat,Felicity Louise,Flick,4,Domestic short-hair
Fish,James Pond,James,5,Goldfish
Cat,Mars,Mars,8,Domestic short-hair
Dog,Loki,Loki,3,
Cat,Millie,Mill,13,Domestic short-hair
Dog,Trixie,Trix,3,Mix
Dog,Birdy,Birdy,4,Mix
Cat,Charlotte Wallace,Chuck,8,
Cat,Thumper Dumper Bumble Butt,Thumper,16,Domestic short-hair
Dog,Vince,Vincie,11,Labrador Retriever
Dog,Cobert,Cob,2,Dalmatian
Fish,Little Prince,LP,2,Betta fish
Dog,Jack Daniel,Jackie,3,Labrador Retriever
Dog,Crinkle,Crinkle,7,Mix
Dog,Maisy Lynn Marie,Mimsy,6,Mix
Dog,Beemer,Beemo,7,Mix
Guinea pig,Rosencrantz WGP,Rosie,3,
Cat,Michelin,Michelin,14,
Dog,Mac,Mac,5,Mix
Dog,Maximillion Taxi,Max,9,Mix
Dog,Krypto,Dinky,6,Golden Retriever
Cat,Piper,Pippin,5,
Dog,Bo Jangles,Bo,0,Mix
Cat,Slinkey,Slonk,5,
Dog,Brixton,Brixie,1,Golden Retriever
Dog,Jasper,Jasper,10,Mix
Cat,Tabitha,Tabber,8,
Dog,Shadow Montgomery,Lovebug,2,Golden Retriever
Fish,Vitale Male the hot tamale who has a cooking show with Mario Batale,Vitale,1,Beta
Cat,Ramona,Meemo,4,
Dog,Scout,Scout,14,Beagle
Cat,Cocoa,"Cokes, Nuts, Cocoa",12,Domestic short-hair
Cat,Napoleon,Deviled egg,2,
Dog,Libby,Libby,12,Golden Retriever
Dog,Jasper Tucker Oaf,Jasper,11,Labrador Retriever
Cat,Clarissa Fluffnugget,Clary,2,Domestic long-hair
Dog,Tazmanian Devik,Taz,9,Mix
Dog,Iggy Pup,Iggy,0,Mix
Dog,Lilly,Lilly,12,Labrador Retriever
Dog,Furrdinand,Furrdie,10,Pomeranian
Dog,Monster Mayhem,Doodle,8,Dachshund
Dog,Watson,Watson,6,Labrador Retriever
Dog,Shine,Shine,12,Mix
Dog,Freeney Schnurpel,Freenster,13,Shih Tzu
Dog,Bella Jean,Bella,,Mix
Dog,Ratchet,Ratchie,5,Mix
Dog,Clifford,Clifford,4,Clumber Spaniel
Dog,Goose,Gooby,1,Mix
Cat,Cricket,"Crickby, Cringus, Don Crickles, etc.",7,Domestic long-hair
Dog,Magnus,Munchkin,7,Cairn Terrier
Cat,Baby Kitty,Baby Kitty,7,
Dog,Shiloh‚Äôs Dixie Skye,Dixie,8,Miniature Schnauzer
Dog,Bootsie,BootsToots,17,Mix
Cat,Bowie,Kitty boy,0,
Dog,Mindy,Mindy,10,Labrador Retriever
Dog,Spock,Spock,7,Mix
Dog,Merlin,Mer-dog,12,Chesapeake Bay Retriever
Dog,Sylvia Plath,Sylvia,3,German Shorthaired Pointer
Dog,Smokey Neyland,Smo,9,Mix
Dog,Rufus Tee Hilderbrec,Rufus,11,Shih Tzu
Dog,Baillie,B or B-Dog,7,Border Collie
Dog,Sebastian,Bash,0,Mix
Cat,Mika Joe,Mika,9,Siamese
Dog,Tess,Tess,13,Mix
Dog,Zorro,Z,8,Chihuahua
Dog,Deacon,Deac,11,Chesapeake Bay Retriever
Cat,Sir charles chickenhock chaplin the teleporting dot,Charlie,11,
Cat,Ally,Al,4,
Rabbit,Gandalf,Gandalf,10,Lionhead
Cat,Lucas Adam Wilkins,Luke,10,
Dog,Robert Ferguson Mooney,Bobby,6,Golden Retriever
Dog,James buchanan barnes,Bucky,2,
Dog,Buddy Boy,Buddy,16,Cocker Spaniel
Cat,Cleo,Dump,2,
Dog,Belle Watling,Belle,2,Maltese
Dog,Magladon wagladon,Maggie,1,Old English Sheepdog
Dog,Bella,Bella,14,
Horse,Half pint,Half pint,6,
Cat,Leah Suji Wilkins,The Squeak aka Squeakerfish,10,
Dog,Sophie,Sophie,11,Golden Retriever
Cat,Mitsy,Mitsy,4,
Dog,Stewart Little,Stewie,16,Pomeranian
Dog,Sadie,Sadie,0,Golden Retriever
Dog,Ashley Wilkes,Ash,11,Mix
Cow,Daisy the cow,Daisy,3,
Dog,Oliver Jospeh Andrew,Oliver,,Mix
Dog,Rhett,Rhetters,12,English Springer Spaniel
Cat,Emma May Wilkins,Emma,4,
Cat,Hashtag Anamara Mainecoon,Hashtag,6,Maine Coon
Fish,Caroline Gravel,Gravel,2,Betta fish
Dog,Lily,Lil,5.0,Golden Retriever
Cat,Arthur Fonzarelli,Fonzie,12,Mix
Cat,Vriska Serket,Vriska,8,Domestic short-hair
Cat,Fabio,Fabio,3,
Dog,Cookie,CookieMonster,8,Shih Tzu
Dog,Brutus,Brutus,10,Mix
Dog,Ralph,Ralph,0,Golden Retriever
Dog,Kurt,Kurtis,2,Black Mouth Cur
Dog,Lyra Cristina,Lyra,0,Mix
Dog,Bailey bear,Bay girl,6,Mix
Dog,Brooklyn,Brooklyn,2,Beagle
Cat,Isabelle,Izzy,11,
Dog,Champion Craig,Champ,14,Mix
Cat,Kelly,Kelly,,
Dog,Lennox,Lenny,4,Shih Tzu
Dog,Sullivan Otis,Sulley,10,Catahoula Leopard
Cat,oreo vanilla cookie,nene,11,
Cat,Chessie,Chess,12,Siamese
Dog,Hank,Hanky panky,1,Black Mouth Cur
Dog,Allie Nichols,Allie,5,Mix
Dog,Lila,Lila,5,Newfoundland
Cat,Bubbles,Bubs,11,Chartreux
Dog,Liberty Louise,Libby,9,English Springer Spaniel
Cat,Sushi Charrito,Sush,2,
Cat,Mouse,MousePotato,3,
Cat,Kate,Katie,19,
Dog,Jimmy,JimmyJamSunshineMan,5,Shih Tzu
Dog,Rocky,Rocko,9,Rottweiler
Dog,Sheldon Michael,Shel,7,Mix
Dog,Jackson,Pupper,3,Australian Cattle Dog
Cat,Midnight,Keek,19,American short-hair
Dog,Maxwell Amos,Max,10,Catahoula Leopard
Cat,angelina,whitey,5,
Dog,Margaret Lewis,Maggie,11,Mix
Dog,Ginger,Geeper Creeper,10,Mix
Dog,Gator,Tate,8,Mix
Dog,Badger,Badger,12,Dachshund
Dog,Beauregard,Beau,22.0,Golden Retriever
Dog,Buffy,Buffy and/or Buffalo,8,Mix
,,,,
Dog,duque,duque,1,Mix
Dog,Mika,Mika,5,Husky
Dog,Scarlett,Little Girl,8,Border Collie
Dog,Macy,Macy,11,Mix
Dog,Gromit Walker,Gromit,8,Golden Retriever
Cat,Ms. Kitty,Ms. Kitty,16,
Dog,Gracie Lou Freebush,Gracie,9,Mix
Dog,River,River,0,Husky
Ferret,Leo,LeHOE,1,
Dog,Olaf,Olaf,4,Chihuahua
Dog,Buttons,Buttons (sometimes with a french accent),2,Beagle
Dog,Stevie James,Steve,9,Mix
Dog,Mila,Crusty,14,Mix
Dog,Murphy,Murph,5.0,Golden Retriever
Cat,Tiger,tiggy,5,
Cat,Edna Lou,Breadna,5,
Cat,Princess Purdy,Purdy,11,Domestic long-hair
Cat,Squidward,Squid,1,Domestic short-hair
Dog,Oscar the Amazing VelcroDog,Oscar,12,Mix
Dog,Poppy,Poppy,4,Shih Tzu
Cat,daisy dukerson,Daisy,5,
Cat,Tigger,Tigger,17,
Cat,Bubbles,Bubby,6,
Cat,Prince Charlie,Charlie,11,Domestic long-hair
Dog,Ellie Mae,Ellie,13,Cocker Spaniel
Dog,Snowy,Snow,11,Shih Tzu
Dog,Bruno,Bruno,4,Border Collie
Cat,Twitch,Twitch,11,Domestic short-hair
Dog,Mona,Mona,,Beagle
Cat,harley davidson,har mar,9,
Cat,Ted Kennedy,Teddy,1,Domestic short-hair
Dog,Yaz,Yazzy,11,Mix
Dog,Princess Leia Organa,Princess,,Mix
Dog,Oakley,"Oak, oakey-doke",3,Shih Tzu
Dog,Tinkerbell,Tinky,4,Chihuahua
Cat,Bella,Bella,4,Mix
Cat,Fup,Fup,10,
Dog,Beckett,Beckett or Becky,9,Golden Retriever
Cat,Fudge,Fubdge,3,
Cat,Lady Luck,Lucky,11,Domestic short-hair
Cat,Moose,Moose,4,Mix
Dog,Logan,Logan,10,Labrador Retriever
Dog,Daisy Grace,Daisy,8,Mix
Cat,Leela,The Cat,10,Domestic short-hair
Cat,Ellie,Ellie-phant,9,
Cat,Her Royal Highness the Princess Blaze,Blaze,9,Domestic short-hair
Cat,Phillipe Robert Jean Luc Tugboat ‚ÄúToot! Toot!‚Äù,Phillipe,4,Manx
Cat,Alexander DapperCat,Alex,9,Domestic short-hair
Dog,Lila Betterhalf,Lila,13,Greyhound
Cat,Darling,Baby Girl,14,Manx
Cat,Smokey,Mr Moke,12,British short-hair
Cat,Jezebel,Jez,14,Himalayan
Dog,Tula Jean,Tula,1,
Cat,Edison D. Cat,Eddie,9,Domestic short-hair
Cat,Redford,Rasa,12,
Dog,Odin,Odin,1,Mix
Dog,Annie Piker,Annie,8,Greyhound
Dog,Rusty,Rusty,4,Golden Retriever
Cat,Thomas,‚ÄúTom‚Äù ‚ÄúOld Man‚Äù,18,Domestic short-hair
Cat,Fleckchen,Monster,7,European short-hair
Dog,Stella Luna,Stella,4,Mix
Cat,Fay Fuller,Fay,0,
Dog,Pancho Villa,Pacho,12,Pug
Dog,Waldo,Waldo,9,Mix
Cat,Luna,Kuschelmaus,8,European short-hair
Dog,Yadier,Yadi,4,Golden Retriever
Dog,Ruby Gem,Ruby,4,Mix
Dog,BuddyGus,Buddy or Boo,1,Golden Retriever
Dog,Homer,Homie,5,English Springer Spaniel
Dog,Pippie,Pippie or Pippo,2,Mix
Dog,Parker,,6,Beagle
Dog,Chipper Doodle,Chip,12,Labrador Retriever
Dog,Jack,Jack,7,Labrador Retriever
Dog,"Xena, Warrior Pinscher",Xena,14,Miniature Pinscher
Dog,Gabby,Gabby,2,Golden Retriever
Dog,Rosebud,Rosie,10,Beagle
Dog,Cooper,Coopee,10,Mix
Dog,Shakota,Shakota,12,Siberian Husky
Dog,Wilbur,Wilby,7,Mix
Dog,Finn T. Dog,Finn,0,Weimaraner
Cat,Wilma,Wilma Jean the Queen,2,Domestic short-hair
Dog,Baylee,"Baylee Boo, Taps",2,
Dog,Sprocket,"Bark, sprock, spark",,Mix
Cat,Peppercorn Ale,Pepper,14,
Cat,Stanley,Stan the handsome man,1,Domestic short-hair
Bird,Ahanu,Ahanu,13,Caique
Dog,Sophie,Sophie,13,Mix
Dog,Sasha,Chunk,1,Mix
Bird,Perkins the Parakeer,Perkins,3,Parakeet
Dog,Kookie (pronounced cookie) Pants,Noodle,15,Jack Russell Terrier
Dog,Miss Maisy Cakes,Maisy,1,Mix
Dog,Han Solo,Solo,3,Cocker Spaniel
Dog,Lillith Anne,Lily,6,Mix
Dog,Michelangelo,Mikey,11,Cocker Spaniel
Dog,Freddie Beagle,Fred or Freddie,11,Beagle
Dog,Pieper,Pooper,4,
Fish,Toilet Mimosa Gillan,Togimi,0,Betta fish
Dog,Jacob,Jake,6,Mix
Lizard,Drazil Marie,Drazil,4,Bearded Dragon Lizard
Dog,Titus Augustus,Tidy,9,American Foxhound
Dog,,Cirrus,2,Poodle (Standard)
Dog,Shelby,Shelby,14,Labrador Retriever
Dog,,Nimbus,0.5,Poodle (Standard)
Dog,Finn,Finn,1,Cavalier King Charles Spaniel
Cat,Kitten Kitten Kittycat,Kitty,14,American long-hair
Dog,Tessie Joan (of Arc),Tessie,7,American Foxhound
Dog,Ginger,Ginger,12,Golden Retriever
Dog,Sadie,Sadie,6,Golden Retriever
Dog,Flicka,Flicky,12,Labrador Retriever
Dog,Koda Kingslayer,Koda,2,Golden Retriever
Dog,Flicka,Flicky,12,Labrador Retriever
Dog,Maggie,Ms America,7,Golden Retriever
Dog,Henry (after Dorian Grey),Henry,1,Brittany
Dog,Megan,Puppy,10,Mix
Cat,Dante‚Äôs InFURno,Dante,7,Maine Coon
Cat,Gatsby,Gatsby,0,
Cat,Tyrone,Tyrone,0,
Dog,Hopper T. Dog,Hops,6,Golden Retriever
Dog,Snickers,Snickers,10,Mix
Cat,Tommy toe,Tommy,3,
Cat,Wheels,Wheels,16,
Dog,Venkman,Venk,5,Golden Retriever
Cat,Maisie,Maisie,0,
Dog,Murphy,Murph,0.5,Cocker Spaniel
Dog,Maggie,Schmieg,12,Golden Retriever
Cat,Lin Meow Miranda,Lin,3,American short-hair
Dog,Jasmine,Jasmine,13,Golden Retriever
Dog,Hurley Pearly Sky-Sky,Hurley,7,Shih Tzu
Dog,Queso,Queso,14,Golden Retriever
Dog,Breezy Anne,Breezy,5,German Shepherd
Dog,Riley,Riley,7,Golden Retriever
Fish,Fishy Fishy Fishy III,Fishy,0,Siamese Fighting Fish (Beta)
Dog,Homer J,Homer,10,Mix
Dog,Tucker,Tucker,7,Golden Retriever
Cat,Kitty Vegas,Vegas,6,Domestic long-hair
Dog,Abby,Abby,3,Mix
Dog,Cooper Triple Bogey,Coop,0,Golden Retriever
Dog,Shelby,Shelby,1,Mix
Cat,Dr Gaius Baltar,Gusgus,10,Russian Blue
Dog,Oakley Dalton,Oaks,6,
Dog,Lucy Lou,Goose,9,Golden Retriever
Cat,April,April,14,
Cat,Vasquez,Vasquez,7,Domestic short-hair
Dog,Niles Crane,Niles,4,Border Collie
Dog,Little Lucky One,Lucky,13,Chihuahua
Dog,Benjamin Sebastian,Benjamin,7,Mix
Dog,Siris Maximus,Sirius,5,Mix
Dog,Blaze,Blaze,5,Labrador Retriever
Dog,Brody,Brody,11,Mix
Cat,Ripley,Chubby Chubs,4,Domestic short-hair
Dog,Director of Chaos,D.O.C.,4,Boxer
Cat,Josh Joshua Joshylin,Josh,6,
Cat,Lisa,Lisa,,
Dog,Cody,Codes,11,Golden Retriever
Cat,Nepeta,Nepeta,2,Domestic short-hair
Dog,Emma,Rotta,6,Spitz
Cat,Leeloo Dallas Multipass,Leeloo,9,LaPerm
Dog,Isabella Grace,Bella,7,Maltese
Dog,Cookie Boogie,Boogie,3,
Cat,Cataria,Tarie,2,
Dog,Salina,Salina,2,Mix
Dog,Theodore James,Theo,5,Maltese
Dog,Ofelia,Ofie Lofie,15,Norwich Terrier
Dog,Hermie,Hermie,3,Mix
Lizard,Turtle,Turtle,5,Leopard Gecko
Dog,Jackson Baines Hardin,"Jackson, Jack",14,Mix
Cat,Tali'zorah vas Normandy,Tali,9,LaPerm
Dog,Rudy,Rudy,12,Labrador Retriever
Guinea pig,Teddy,Teddy,3,
Dog,Chuchi,Baby Chu,9,Poodle (Toy)
Dog,Belle Silver,Bobo,3,Brittany
Fish,Fish,Swish,7,Goldfish
Dog,Phoebe Buffay,Phoeb,4,Staffordshire Bull Terrier
Dog,Precious Presley,Presley,1,Mix
Cat,Boots,Fuckoff,10,
Dog,Sarah Jessica Parker,Parker,8,Beagle
Dog,Princess Leah,Leah,8,Schnauzer
Cat,Zeus,Zeus,2,
Dog,Mr Duke of Carol Stream,Booboo,10,Labrador Retriever
Dog,Bruno Mars,Bruno,4,Shih Tzu
Cat,Persephone,Persey,2,
Dog,Reggie,Reg,8,Border Collie
Cat,Momo,Momo,9,Domestic short-hair
Dog,Twixie,Gooben,2,
Dog,Kody,Kode,10,Golden Retriever
Dog,Maverick Clinton,Maverick,10,Labrador Retriever
Cat,Abbey Road,Abbey,3,Domestic long-hair
Cat,Naga,Naga,6,Domestic short-hair
Dog,Sven,Bean,5,German Shepherd
Dog,Lola,Lola,11,Mix
Dog,Sophie,Sophie,2.0,Rottweiler
Cat,Stinky Pete,Pete and/or Stinky,18,
Cat,Gozer,Gozey,12,
Dog,Lily Potter,Lil,2,German Shepherd
Dog,Dougie McFly,Dougie,11,Cairn Terrier
Dog,RileyRoo,Riley,2,Mix
Dog,Dobby,Boober,4,Corgi
Cat,Sir Edward Julius Robert Kittybutt III,Eddie,16,
Fish,Chu-chu,Chu-chu,,Ranchu goldfish
Dog,Lando,Lando,5,Bernese Mountain Dog
Dog,Tucker Paul,Tuck Tuck,6,American Pit Bull Terrier
Dog,Schnitzel Von Krumm,Ninnel,11,Dachshund
Dog,Wrigley,Wriglry pigley,13,Beagle
Dog,Wally,Wal,0,Golden Retriever
Dog,Snickers,Doodle,11,Beagle
Dog,Charlie,Charlie,9,Mix
Dog,Pepper,Pep,0,Cocker Spaniel
Dog,Brownie,Brownie,13,Beagle
Cat,Maow,Kitkat,14,
Dog,Echo,Beck,3,Mix
Dog,Banky,Banky,10,Basset Hound
Dog,Koda,Koda,6,Chihuahua
Dog,Clifford,Cliff,6,Mix
Dog,Coco,Coco Bear,7,Mix
Dog,Charlie,Charlie,8,American Pit Bull Terrier
Dog,Mojo,Moj,5,Mix
Horse,Wizarding Wonder,Wizwo,12,Shire x TB
Dog,Hank,Hank,2,Mix
Horse,Thunderhawk,Thunder,21,Spanish mustang
Dog,Sebastian,Fritz,15,Mix
Horse,Cielo,Piglet,4,
Cat,Bebop Vincent,Beebs,5,Domestic short-hair
Horse,Thalia,Thalia,4,
Horse,Morganna la Fey,Morganna,15,
Cat,Maja,Maja,14,
Dog,Hank,Hanky,2,Labrador Retriever
Dog,Ella,Ells Bells,14.5,Cocker Spaniel
Dog,Frappuccino,Frappie,7,Mix
Horse,Texas Pony Smoke,Monster,2,
Dog,Gracie,Grace,12,Shih Tzu
Horse,Khan,Khan,3,Spanish mustang
Dog,Phoebe,Phoebe,2,Mix
Dog,Uma Strawn McGuire,Uma,4,Mix
Dog,Buster,Boop squared,13,Mix
Horse,Reno,Reno,,
Cat,Sketchy Missouri,Sketchy,12,
Dog,Eva Marie,Eva,3,Chihuahua
Horse,Boogieman,Boogie,5,
Dog,Mia Hamm,Mia,11,Golden Retriever
Cat,Charlie,Charile,18,
Dog,alia atreides,Allie,5,Mix
Horse,Legacy,Legacy,15,
Horse,Mambo no. 5,Mambo,2,Spanish mustang
Cat,Zoey,Zoe,4,
Dog,lexie,lex,0,Golden Retriever
Horse,Mato Ma‚Äôhu‚Äôi,Mato,2,
Dog,Bernard,Bernard,5,Boxer
Horse,Starflower‚Äôs Jezebel,Jezebel,4,Spanish mustang
Cat,Jenna Nicole Rhea Lopez Horn,Jenna Jenna,8,
Dog,Myles - his roman name is Squirtacus Mylonius,Myles,10,Mix
Horse,Diamond Lily,Lily,7,
Dog,Millie,Millie,9.5,Mix
Horse,Gypsy Rose Lee,Gypsy,6,
Fish,Butters,Butters,0,Goldfish
Dog,Bodhi,Bo,6,Golden Retriever
Dog,Mooch,Mooch,9,Mix
Dog,Piper,Pipes,4,Mix
Cat,Ramona,Ramona,12,
Dog,Charles,Charlie,10,Corgi
Horse,Morning Glory,Glory,,
Dog,Willow,Willow,3,Mix
Horse,Morning Mist,misty,,
Dog,Glamis Schedule K1,Kona,5,Golden Retriever
Dog,Bandit Raye,Bandi,12,Farm dog
Horse,Syndicated Copper,Copper,,
Cat,Cleo,Cleo,13,Domestic short-hair
Cat,Sebastian Ninja Nutjob,Sebastian,11,Domestic short-hair
Dog,Anderson,Andy,12,Mix
Dog,Mars Harambe,Pickle,3,Mix
Dog,Claudio Atlas Wolfric,Claudio,8,Dachshund
Rabbit,Flufy,Flufy,10,Lionhead
Dog,Lawson H Dog,Hogan,16,Briard
Cat,Smudge the Second,Deuce,4,Himalayan
Dog,Tucker,"Tucker, dude, bud",1,Mix
Cat,Echo,Echo,18,
Dog,Ames,Ames,5,Husky
Dog,Franc,Franc,0,Mix
Cat,Winnie,Winnie,0,
Cat,Tiggy,,0,
Dog,Oliver Jackson,Oliver/Baby/Little Man,5.0,Mix
Dog,Dolly Doodle Dogger,Dolly,6,Mix
Cat,Ann Perkins,Ann,0,Mix
Dog,Cassie,Cassie,5,Mix
Cat,Kisa Marie,Kisa,6,
Dog,Logan,Logan brogran,2,Rhodesian Ridgeback
Dog,Basil,Basil,7,Mix
Dog,Marble,Marble,5,Mix
Dog,Hollie,Hollie,14,West Highland White Terrier
Dog,Cash Money,Cashie,2,Labrador Retriever
Dog,Seamus,Shamie Bameee,11,Rhodesian Ridgeback
Cat,William Robert,Billy,3,
Dog,Nash,Nash,2,Labrador Retriever
Cat,Spoons,Spoons,3,
Cat,Arizona,Arizona,7,Domestic short-hair
Dog,Sian Ben Ryan,Sian or Sisi,14,West Highland White Terrier
Dog,Bear 2,Bear,7.5,Mix
Cat,Banjo,Banj,3,Domestic short-hair
Chinchilla,Fossedini Heraldo Macduff,Fosse,10,
Cat,Princess Melanie,Melanie,5,Domestic long-hair
Cat,Tiffany Marie,Tiffany,13,Domestic short-hair
Dog,Charles Barrath McIntyre,Barry,6,Basset Hound
Dog,Margeurite Larioux Gonzales,Maggie,6,Mix
Dog,Rusty,Rusty,2,Fox red lab
Dog,Starfire,Star,15,Mix
Dog,Nova,Nova,,Mix
Dog,Dinty,The Dint,5,Mix
Cat,Hamilton,Hammy Bits,3,
Dog,Kadie Jo,Kadie Jo,6,Labrador Retriever
Cat,Incandenza,Ink,3,
Cat,Fitzgerald,Fitz,8,Domestic short-hair
Cat,Zelda,Zelda,8,Domestic short-hair
Dog,Daisy Duke,Daisy,4,Mix
Guinea pig,Stewie,Stewie,2,
Dog,Sunny Sunday Sky,Sunny,15.5,Beagle
Guinea pig,Francisco,Cisco,2,
Horse,Dream On Chip,Diva,15,Appaloosa
Dog,Bailey,Bailey,3,Mix
Horse,Tundra,Tundra,12,"Mixed breed (Appaloosa, paint, Tennessee walker)"
Dog,Bosco Spaghettio,Bosco,9,Mix
Cat,Agnes Marie,Aggie turd,2,
Dog,Tansei,Duffus,7,Shiba Inu
Cat,Edith,Eduf Monster,1,
Cat,Mini,Mimi,13,
Cat,Theodore,Ted,4,Persian
Dog,Molly,Molly,16,Golden Retriever
Dog,Duke Dukington,Duka,3,Mix
Cat,Oliver Newton,Ollie,4,Maine Coon
Dog,Prince Phillip the 2nd,"Phillip, Daddy-o",12,West Highland White Terrier
Cat,Starla,Starla,4,Domestic short-hair
Dog,Petey,Petey poopoo head,11,West Highland White Terrier
Dog,President Nixon,Nixy,8,Mix
Dog,Daisy Doodle Fat Kid with Butt Spots,Daisy,4,Mix
Dog,Benry of Willowbrook,Benry,8,Golden Retriever
Dog,Qoda,Qoda,2.5,Golden Retriever
Dog,Ziggy Starsog,Zig,1.5,Mix
Dog,Samuel Labrador,Sam,13,Labrador Retriever
Hamster,Princess Consuela Banana Hammock,Banana,,
Dog,Bentley Boy,Bentley,13,Mix
Dog,Taco Belle,Taco,,
Dog,Pluto,Pluto,,Golden Retriever
Hamster,Scooter Computer,Scooter,2,
Dog,Toby,Toby,6,Mix
Dog,Harlee,Harlee,3,Anatolian Shepherd
Dog,Nessa,Nessa,1,Golden Retriever
Dog,Biscuit Bandit,Bandit,3,Labrador Retriever
Cat,Sophie,Fuzzbutt,2,
Dog,The Real Slim Sadie,Sadie,1.5,Golden Retriever
Dog,Quincy Sugarplum,Quincy,3,Golden Retriever
Dog,Skipper Doo,Skip,4,Yorkshire Terrier
Dog,Sam Ruffalo,Sam,6,Mix
Dog,Brutus Buckeye,Brutus,,Golden Retriever
Dog,crespo,crespo or baby üòÇ,12,Mix
Dog,Rossignol,Rozzie,,Siberian Husky
Hamster,Peaches,Peaches,3,
Dog,Pepper,Pepper,4,Mix
Dog,Amaya,Maya,6,Siberian Husky
Cat,Eloise,Ellie,10,
Cat,Olive,Ollie,4,
Cat,Kiki Buntain,Kiki,18,Mix
Dog,Tiger,Tiger,12,
Dog,Bonnie,Bonnie,8,West Highland White Terrier
Dog,Abby,Abby,11,Cavalier King Charles Spaniel
Lizard,Gomez,Gomie,10,High yellow leopard gecko
Dog,Cooper,Coop,7,Labrador Retriever
Dog,Chase,Chase,3,Mix
Hamster,Steve Hammond,Steve,0,Russian Campbell
Dog,Riley Jenkins,Riley,0,Golden Retriever
Dog,Montgomery T Dog,"Monty, monkey, monkeyrunk,",2,Mix
Dog,Nana Roo,Nana,5,German Shepherd
Cat,Ella Grey,Ella,7,
Dog,Callie,Cal Gal (the golden),3,Golden Retriever
Dog,Rocco Norbert,Rocco,10,Mix
Dog,Jack,Jack,3,Mix
Dog,Ted,Ted,0,Welsh Terrier
Snake,Desiree,Desiree,11,Rosy boa
Dog,Jaida Lynn,Jaida,12,Mix
Snake,Gaia,Gaia,10,Dumeril‚Äôs boa
Dog,Daisy Lulu,Daisy,9,Poodle (Toy)
Cat,Phillip,Phillip,16,
Cat,Sunni,Sunni,10,Birman
Cat,Nymeria,Nym,5,Domestic medium-hair
Cat,Scarlett,Scar,8,
Cat,Ink,Ink,0,Domestic medium-hair
Cat,Drew,Drewbeans,7,
Dog,Titus,Titus,7,Labrador Retriever
Cat,Midna,Midna,8,Domestic short-hair
Dog,Cookie Asparagus,Cookie,11,Mix
Dog,Tessa Leigh,Tessa,11,Mix
Dog,Ali,Ali,5,Greyhound
Dog,Daisy,Daisy/Dandelion,4,Mix
Dog,Lucky,Luck luck,5,Labrador Retriever
Cat,Rex,Rex,7,Maine Coon
Dog,Harper Jean,Harper Jean,1.5,Mix
Cat,Maverick,Maverick,2,
Hermit crab,Rork,Rork,2,
Cat,Tina Fay,Tina,6,
Cat,Sophie,Sophie,4,Domestic short-hair
Dog,Max-well,Max,6,Golden Retriever
Dog,Mica,Mica,6,Mix
Cat,Patches,Patches,10,
Cat,Asch,Asch,4,Domestic short-hair
Rat,Yuri,Yuri,1,Rat
Rat,Ravio,Ravio,1,Rat
Dog,Sylvester Balboa,Sly,6,Golden Retriever
Dog,Mia Roo,Mia,11,Australian Shepherd
Hamster,Melody,Melody,1,Winter white hamster
Dog,Casper Tiberus,Casp,4,Mix
Dog,Chummy,Chumbles,5,Mix
Dog,Luna Bean,Luna,7,Mix
Gerbil,Brown Gerbil,Brown Gerb,2,Gerbil
Cat,Gabby Comacho,Cho Cho,16,Domestic short-hair
Gerbil,White Gerbil,White Gerb,2,Gerbil
Dog,Sofie Tooter Scooter,Sofie,7,Chihuahua
Dog,Mojo,Mojo,5,Mix
Dog,Grace,Grace,1.0,Mix
Cat,Misha,Misha,8,
Dog,Frankie,Frankie,1,Mix
Guinea pig,Dollar dollar bills y'all,Bill,2,Guinea Pig
Dog,Osa,Osa,9,Mix
Dog,Dixie,Dixie,12,Mix
Cat,Barnabas,Bucky,0,Mix
Dog,Nina,Nina,7,West Highland White Terrier
Cat,Bitsy,Bitsy,15,Domestic short-hair
Dog,Rachel,Rachel,8,Schnauzer
Dog,Piper,Piper,9,Labrador Retriever
Dog,Bella,Belly,10,Yorkshire Terrier
Dog,Queen Khaleesi,Queenie,12,Mix
Cat,Pumpkin,Pumpkin,6,
Dog,Bridget,"Bridgy, Pookie bridge",15,Mix
Dog,Bodacious,Bodie,14,Labrador Retriever
Dog,Mama Rose,Rosie,7,American Pit Bull Terrier
Dog,Augustus,Gus,7,Golden Retriever
Cat,Sunshine,Sunshine,7,
Dog,Tater,Tater,0,Mix
Cat,Millicent,Millie,6,
Hedgehog,Gustavus Ericius Hedgehog of the North,Gus,1.5,
Dog,Beverly Ann,Beverlana,13,Golden Retriever
Dog,Cora Smalls,Cora,3,Havanese
Dog,Jasper,Jasper,16,Mix
Cat,Dust,Dust,1,
Dog,Caleb,caliber,1.5,Bluetick Coon Hound
Dog,Tonka,"Tonks, Tonkers, Sir Tail",8,Newfoundland
Bird,Spike,Spiker-doodle,13,Cockatiel
Cat,Ash,Ashy boy,9,
Cat,Blossom,Moose,6,British long-hair
Cat,Violet,Violet,14,Domestic short-hair
Cat,Thor,Thor,4,
Dog,Hank,Baby,2,Boxer
Dog,Brandy,Puddin,5,Mix
Cat,Lily,Lillibutt,11,Domestic short-hair
Dog,Sir Squeaksalot the Second,Twoie,9,Chinese Crested
Cat,Buddy,Buddy Boi,4,Domestic short-hair
Dog,Colby Jack,Jack,5,German Shepherd
Dog,Cooper,Coop,0,Mix
Dog,Murphy,Murph,1,Mix
Dog,Phineas,,7,Soft Coated Wheaten Terrier
Dog,Peach,Peach,2,Mix
Dog,moose alexander,Moose,0,Mix
Cat,eliza goose,eliza,2,
Guinea pig,Nibbles,Nibsey,5,Short hair
Cat,Chichi,Chichi,9,
Cat,Isabella,Izzy,4,
Dog,Ruby,Ruebs,6,Rhodesian Ridgeback
Dog,Ruby,Ruby,4,Labrador Retriever
Dog,Min Ottende Bold,Otte,9,Mix
Dog,Min fine Nimina Beana,Mina,6,Labrador Retriever
Dog,Lucy,Lu,3,Great Pyrenees
Cat,Belvedere,Biff,16,Domestic short-hair
Cat,heaven,Kitty,8,
Dog,lucy lu,luey,4,Basset Hound
Dog,Katniss Underfoot,Katniss,9,Mix
Dog,Sadie,Sayd,13,Border Collie
Dog,Coco  Chanel mademoiselle,Coco,5,Golden Retriever
Dog,Maggie,Mags,8,Border Collie
Dog,Gunner baker,Gunner,12,Labrador Retriever
Rabbit,Lady Sybil,Lady,1.75,Holland Lop
Cat,Ashley Williams,Ash,8,Maine Coon
Dog,April in Paris,Paris,6,Golden Retriever
Rabbit,Colby,,3,
Cat,Mister,Mister,2,American short-hair
Cat,Goku,Tutu,2,
Fish,Miles,Miles,5,Goldfish
Cat,Fuzzball,Fuzzybutt,10,American short-hair
Dog,Felix,Felix,2,
Cat,Benjamin,Ben,14,
Dog,Woodruff,Woody,10,Mix
Cat,Tibby,Tib or Monster,3,
Dog,Kitty take your gloves off,Reba,8,Golden Retriever
Cat,Honey,Honey,7,
Dog,Mulligan,Mull,12,Golden Retriever
Dog,Loki,Loki aka goof ball,0,Golden Retriever
Dog,Okemo,Okemo,8,Australian Cattle Dog
Dog,Beau,Beau,1.0,Mix
Cat,Lucy,Lucy,6,
Dog,Zack attack,Zack,10,Golden Retriever
Dog,Kendall,Kendall,4,Mix
Dog,Bailey,Bailey,1,Mix
Dog,Ranger,Ranger,11,Mix
Dog,Dan,Dan,12,Mix
Dog,Sir Maximillion of Binghamton,Max,10,Golden Retriever
Dog,Freya,Freya,3,Mix
Dog,Jackson,Jax,14,Mix
Dog,Kurama,Kdog,3,
Dog,Luchik,Luchik or Luci,5,Mix
Dog,Pippi Hyde,Pippi,11,Cocker Spaniel
Cat,Scarlet,Purrincess Kitty,13,Domestic short-hair
Dog,Pearly,Pearl,5.5,Mix
Cat,Sebastian,Monkey,12,Domestic short-hair
Dog,Walter,Walty,6,Mix
Cat,Reeses Pieces,Reesie,2,Domestic short-hair
Dog,Buddy of Bailey's Irish Cream,Buddy,11,Labrador Retriever
Dog,Belle,Belle,15,Golden Retriever
Cat,Sushi Roll,Sushi,1,American bobtail
Dog,Zoe Marie,Zoe,6,Mix
Dog,Wilson,Wilson,4,Mix
Cat,Mochi,Mochi,1,American bobtail
Dog,Reesie,Reesie,14,Yorkshire Terrier
Cat,Sasuke,Sasuke,6,Mix
Cat,Sasuke,Sasuke,6,Mix
Dog,Bocephus Ray,Bo,6,Mix
Dog,Gunner,Gunny,5,Labrador Retriever
Dog,Stella,Stella,12,Mix
Dog,Bailey's Irish Cream,Bailey,,Mix
Cat,Abigail,Abby,8,Siamese
Dog,Poppy,Pops,16,Jack Russell Terrier
Dog,Nina,Beans,12.0,Flat Coated Retriever
Cat,Boris,Boris,3,Sphynx
Cat,Smoochey,Moo moo cow/ moochey,18,Domestic short-hair
Cat,Toast Malone,Toast,5,
Cat,Hex,Hex,8,
Cat,Smudge of Grey,Smudge,7,
Dog,Charlotte,Char,4,Mix
Dog,Ms. Cuddles,Cuddles,13.75,Mix
Dog,Wayne Rooney,Roo,13,Border Collie
Dog,Snack,Snack,2,Mix
Cat,Skipper,Skips,16,
Cat,Nacho Bell Grande,"Bean, nacho,",1,
Dog,Hazel,"Zelly, ZZ, Hayzelly",3,Golden Retriever
Dog,Luna Calamity Barnes,Luna,9,Mix
Dog,Hiro Barnes,Hiro,5,Mix
Dog,Ramsey,Ramsey,0,Labrador Retriever
Dog,Stella Diane,Stella,6,Mix
Dog,Trigger,Trig,4,Labrador Retriever
Cat,Noodle,Noodle,3,Domestic short-hair
Dog,H√©lo√Øse,H√©lo√Øse,9,Mix
Dog,Scout McGee,Scout,12,Spitz
Dog,Milo,Milo,2,Golden Retriever
Dog,Kolbie,Kolbie,10,Beagle
Dog,Rhyannon's Princess Nikita,Nikki,10.5,Siberian Husky
Cat,Scram,Scrammies,2,Domestic medium-hair
Cat,Darwin,Cat,7,
Cat,Leo,Leo,16,
Cat,Kanga,Kanga,4,
Rabbit,Winona,Winnie,2,
Cat,Bugaloo Bonzai,Bug,7,
Dog,Malcolm P. Dog,Malcolm,17,Mix
Dog,Maxwell T. Bone,Max (Alias: BrownDog),11,Labrador Retriever
Cat,Patches,Patch,8,
Dog,Indy,Indy,8,Mix
Dog,Cody Fluffball,Cody,11,Golden Retriever
Dog,Fudge,Fudgie,6,Mix
Dog,Mia,Mia,13,Golden Retriever
Cat,Louie,Louie,4,
Cat,Mitzi Junebug Kandinsky,Mitzi,8,
Dog,Megan Gabriela Ortega,Moo,11,Boxer
Cat,Bernie,Bernie (Bernard if naughty),2,Domestic long-hair
Dog,Bel,Bel,7,Cocker Spaniel
Dog,Artie,Artie Party,14,Golden Retriever
Dog,Snickers,Snickers,9,Mix
Cat,Hazel,Hazel,4,Domestic short-hair
Dog,Blue,Blue,7,Mix
Dog,Wally,WaWa,2,Mix
Dog,Copper,Copper,10,Mix
Cat,Harold,Harry,0,
Lizard,Birdie,Baby liz,7,
Cat,Sir Jonathan Pooh Cat,Jonathan,10,Persian
Dog,Juliet,Jules,2,American Pit Bull Terrier
Cat,Scout,Scout,9,
Dog,Dasher,Dash,8,Mix
Dog,Grace,Gracie,5,Labrador Retriever
Dog,Ruby,Ruby,12,Mix
Bird,Nugget,Nugget,2,Ringneck Dove
Dog,Levi,Lee,6,Australian Shepherd
Dog,Elle Loki Bean,Bellie,1,Mix
Dog,Dorthea Dix,Doge,5,Golden Retriever
Dog,Layla Bo Peep,Layla,0,Mix
Dog,Rocky,Rocky,12,Mix
Dog,Tillith,Tilly/TillBear,8,Mix
Dog,Rollo,Rollo,3.5,Labrador Retriever
Dog,Nisku,Nisku,2,Mix
Cat,Cat,Cat,8,Domestic long-hair
Cat,Peaches,Peaches,5,Persian
Dog,Sadie Jo,Sadie or Tato,5,Labrador Retriever
Dog,Lady,Lady,9,Bernese Mountain Dog
Dog,Sammy Q,Sam,10.0,Mix
Cat,Cookie,Cookaroo,9,Mix
Cat,Pepper,Bebs,4,
Cat,ipod,ipod,12,
Cat,hank the cowcat,Hank,12,
Dog,Oliver Phish,Oliver,2,Mix
Dog,Cleopatra,Cleo,6,Mastiff
Dog,Birdie,Birdir,1,Mix
Dog,Murphy,Murph,0,Golden Retriever
Dog,Ryder,Ryder,14,Mix
Dog,Talani Snowmageddon,Milo,0,Golden Retriever
Dog,Winnie the Blue,Winnie,0,American Pit Bull Terrier
Dog,Scarlett,Scarlett,0,Cavalier King Charles Spaniel
Dog,Gus,Gus,11.0,Golden Retriever
Dog,Dixie Marie,Dixie,8,St. Bernard
Dog,Heidi,Heidi,2,St. Bernard
Dog,Phin,Phin,2,St. Bernard
Dog,Jager,Jager,12.0,Labrador Retriever
Dog,Brown Bear,Bear,7,
Dog,Lucy,Lucy,4,Golden Retriever
Dog,Kahlua,Chicky-chix,0,Mix
Cat,Epinephrine,Epi,9,Mix
Dog,Baylei,Stinky,1.0,Labrador Retriever
Dog,Baylei,Stinky,1.0,Labrador Retriever
Cat,That Cat,T.C.,9,Mix
Dog,Rocky,Rocky,5,Mix
Bird,Buddy Ryan,Buddy,12,
Dog,Abigail,Abby,4,American Pit Bull Terrier
Dog,Kira,Kira/Squishy,15,Beagle
Dog,Sammy,Sam,6,Mix
Dog,Piper Marie,Piper,4,Mix
Dog,Charlene,Charlie,12,Mix
Dog,Thor Mighty God of Thunder,Thor,9,Mix
Dog,Cody Anne,Cody,2.0,Golden Retriever
Cat,Caesar,Jeff-jeff,9,
Dog,Tessa,Tessa,11,German Shepherd
Cat,Theia,"Kitty, booger butt, fluffybutt",11,Domestic long-hair
Cat,Minerva Mcgonagall,Minna,5,
Dog,Lily,Lily,10,Mix
Dog,Butters,Butters,9,Mix
Dog,Marigold,Marigold,8,Mix
Dog,Prince Romeo,Romey,8,Miniature Pinscher
Cat,Teacher‚Äôs Pet,Teeps,2,
Cat,Wimpy,Wimpy,2,
Cat,Lucy,Lucy,2,
Dog,"Snickers the First, Head Woofer",Snickers,6,Mix
Dog,Lucky,Lucky,3,Mix
Dog,Ares,Ares,8,Bulldog
Cat,Skylar,"Sweet boii, my beautiful baby boy",3,
Dog,Maximillian,Max,13,Golden Retriever
Dog,Rogue,Rogue,6,Mix
Cat,Sweety,Sweety,,Domestic long-hair
Cat,Benny,Ben,4,Domestic short-hair
Dog,Ace,,1,American Hairless Terrier
Dog,Ava,,4,American Hairless Terrier
Dog,Winnifred,Winnie,6,Mix
Dog,Mika,Mika,8,Mix
Dog,Charlie Elizabeth Begonias,Charlie,5,Mix
Dog,Jack Ass,"Jack, Jackie",5,Mix
Cat,Bean,Cat,7,
Cat,Skipps,Skipper,1,
Cat,Carly Q Cat,Carl,5,
Dog,Dan,Digger,13,Pug
Dog,Koko,Koko,4,French Bulldog
Dog,Archibald,Archie,2,Golden Retriever
Dog,Sassie,Sassie,19,Poodle (Standard)
Dog,Zoe,Zoe,12,Mix
Dog,Bo Bo,Bobes,10,Mix
Cat,Sofi,Sofi May Bofi,2,
Dog,Isiah Thomas,Izzy,0,
Dog,Sir Pete the Pup,Pete,12,Chihuahua
Dog,Roux Stir,Roux,8,Mix
Dog,Lucy Scramble,Lucy,5,Boxer
Dog,June Bug,June Bug,10,Mix
Dog,Crinkle,Crink-a-dink,7,Rhodesian Ridgeback
,George,George,,
Dog,Smokey,Spooky,14,Mix
Dog,Daisy May,Daisy,3,Mix
Dog,Crimson,Crimson,9,Mix
Dog,Tide,Tide Dog,9,Mix
Dog,Sophie,Sophie,10,Mix
Dog,Sir Nigel Petrie of the Poofybottom Clan,Nigel,12,Mix
Dog,Tobi,"Bobo, Tib Tob, Tibbi Bibbi, Corn Chip",10,Mix
Dog,Bruin,Bru,7,Golden Retriever
Dog,Lucinda Jean,Lucy,1,Golden Retriever
Dog,Dave,Dave,4.5,Golden Retriever
Dog,Harper Valley,Harper,0,Dachshund
Cat,calleigh Marie,Calleigh,14,Domestic short-hair
Dog,Buster Brown,Buster,11,Mix
Fish,√òptifish,√òptifish,0,Orange
Dog,Leila,Leila!!,5,Pointer
Dog,Trixie,Trixie Treat,3,Golden Retriever
Dog,Archer,Archibald,9,Mix
Dog,Josie Pancakes Fluffybottom,Josie,8,Mix
Cat,Tiger Jack,Jack,6,
Cat,William Orange,Willie,6,
Dog,Zeus,Zu,1.0,Great Dane
Dog,Shooter,Shooter,8,Australian Cattle Dog
Dog,Ellie,Ellie,8,Labrador Retriever
Dog,Macie,Mace,8,Golden Retriever
Dog,Maddie,Bubbis,17,Shih Tzu
Cat,Motown,Mo,8,Domestic long-hair
Fish,Spot,Spot,0,Betta
Dog,Squirt,Squirt,7,Bulldog
Dog,Samantha Marie,Sammie,8,Mix
Dog,Quincy,Quincy,5,Mix
Dog,Cajun,Cajun,6.0,Mix
Dog,Duke,Dukie Doo,3,American Pit Bull Terrier
Dog,Daisy,Daisy Dee,3,American Pit Bull Terrier
Dog,Nico,Nico,4,Mix
Dog,Chance McCoy,Chance,10,Golden Retriever
Dog,Kobi,Kobi,11,Mix
Dog,Maila,Maila Moose,1,Mastiff
Horse,Domino,Dommi,6,Paint
Dog,Phineas,Phin,3,Labrador Retriever
Dog,Cody,Vody,20,Labrador Retriever
Dog,Perry,Perry,3,Labrador Retriever
Bird,Gregory Peck,Greggie,2,Bantam Cochin (chicken)
Dog,Call it a night Sir Dudley,Dudley,5.0,Golden Retriever
Dog,Madison Brooke,Maddy,7.0,Mix
Cat,Pandors,Pandora,10,
Dog,Like Francis,Luke,8.0,Mix
Cat,Bo Bo,Bo Bo,4,
Cat,Zooey,Zooey,8,
Cat,Mollie,Mollie,2,
Cat,JJ,JJ,0,
Cat,Jenson Button. (Last name pronounced Boo Tawn),"Boo Bear, JB, or Button (Pronounced Boo Tawn)",8,Mix
Dog,Pilikia,Pili,14,Chihuahua
Dog,Mia Pieper,Mia,3,Mix
Cat,Nova Blake,Nova,1,
Dog,Pepper Potts,Pepper,6,Golden Retriever
Dog,Scruffy,Scruffy,,Mix
Cat,Nikolai Maranov,Mr. M,12,Maine Coon
Cat,Django,Django,16,
Dog,Princess Jessi,Jessi,7,
Dog,Mowgli,,1,Labrador Retriever
Dog,Luna,Luna,2,Labrador Retriever
Dog,Wille,Willie,8,
Dog,Otto,Otto,1.5,Mix
Cat,Momma Martha,Martha,5,Domestic short-hair
Dog,Optimus,Opti,7,Maltese
Dog,Memphis Mumford,Memphis,2,Cane Corso Mastiff
Cat,Antoine,Toine,8,
Dog,Louie,Louie,6,Mix
Cat,Hunter Pounce,Caracat,8,Domestic short-hair
Dog,Anna,Anna,5,
Dog,Chester,Chester,13,Nova Scotia Duck Tolling Retriever
Dog,Zeus Theodore,Zeus,7,Mix
Dog,Ripley,Ripley,13,Golden Retriever
Dog,Beau,Beau Beau,4,Mix
Dog,Lucy,Lucy,9,Golden Retriever
Dog,Penelope,Penny,3,Maltese
Dog,Callie,Cal,4,Golden Retriever
Dog,Jake,Jakey poo poo head,2,Mix
Dog,Willie,Willie,2.5,Mix
Dog,package,package,1,Mix
Cat,Algernon,"Algy, Gu",11,
Cat,Pickles!,Pickles or Pumpkin or Cutie Pie or Little Darlin,3,
Cat,jiblit,tiny jib,1,
Dog,Luna,Luna,5,Yorkshire Terrier
Dog,Delilah,Lila,4,Labrador Retriever
Cat,Celie,Celie,7,
Cat,Sophie,Sophie,7,
Cat,Oliver Wendell Holmes,Oliver,9,
Dog,Josephine,Josie,4,Mix
Dog,Russell D.,Rusty,9,Mix
Dog,Excalibur Insubordinate O‚ÄôMallie IX,Cali,2,Golden Retriever
Dog,Darth Vada Mae,Vada,7,Mix
Cat,Felix,Felix,12,Domestic short-hair
Dog,Butterscotch,Butters,9,Mix
Dog,Emma Jean Jelly Bean,Emma,13,Shih Tzu
Cat,Binky,Binky,2,Domestic short-hair
Cat,Sox,Sox,10,Domestic short-hair
Dog,Rigby,Rigs,6,Boston Terrier
Dog,Sir Scribbles Of the Shire,Scribbles,5,Mix
Cat,Herbert Fitzgerald,Bertie,3,Ragdoll
Cat,Gary,Gary,3,
Cat,Cassandra,Cassie,7,Mix
Cat,Moose,Moose,0,
Dog,Tele,Tele,11,Labrador Retriever
Dog,Maggie,Pooper,14,Dachshund
Cat,Daniel,Daniel,16,Oriental Shorthair
Cat,Kitty,Kitty,16,Domestic short-hair
Dog,Daisy Mae,Daisy,11,Golden Retriever
Dog,Bug,Bug,6,Mix
Dog,Rayven,Ray,6,German Shepherd
Dog,puppy girl,Puppy,4,Jack Russell Terrier
Dog,beyonc√©,beyonc√©,2,Chihuahua
Dog,Pippa Mad,Pippa,2,Havanese
Dog,Tails Balboa,Tails,14,Chihuahua
Dog,Tara Balboa,Tara,6,Chihuahua
Dog,Mia,Mimi,0,Chihuahua
Dog,Slainte,Slainte,12,Mix
Cat,Persephone,Persnuffy,11,
Cat,Piper,Pipes,1,
Cat,Belle,Tiny Kitten,12,
Cat,Nyx,Nyxapooski,8,
Dog,Clyde Frog the Dog,Clyde,3.75,Labrador Retriever
Cat,Baby Tiger,Tiger bub,11,
Cat,Havoc,BB,2,
Dog,Asher,Ashie,9,Golden Retriever
Dog,Miley,Miley,13.5,Mix
Cat,Tux,Monsieur Tux,2,
Horse,Paisley Desert Melody,Melody,7,Mustang (horse)
Dog,Suzie,Suzie,5,Labrador Retriever
Dog,Joshua,Joshie,9,Golden Retriever
Dog,Kona Kai,Kona,2,Mix
Cat,Simba,Simba,6,Domestic short-hair
Dog,Charlie,Charlie,11,Mix
Turtle,Lucky,Lucky,,Desert tortoise
Cat,Duncan,Duncan,5,
Dog,Lucky,Lucky,4,Labrador Retriever
Dog,Lily Ann,Lily,3,Golden Retriever
Dog,Robbie,Robbie,10,West Highland White Terrier
Dog,Chance,Chance,4,Labrador Retriever
Cat,Mir Hector,Mir,11,Domestic short-hair
Cat,Clover,Clo,,
Cat,Lacerta Grace,Laci,11,Domestic short-hair
Dog,McGregor,Gregs,11,Scottish Terrier
Cat,Mosephus,Mo,,
Dog,Maggie,"Mags, maggals",6,Corgi
Dog,Boo Radley Beauregard,Boo,5,Mix
Cat,Pictor James,Pictor,8,Lynx point Siamese
Cat,Yellowie,Old man,19,
Cat,Sylvio,Syl,14,
Dog,Jean Louise,Scout,2.5,Golden Retriever
Cat,Cooper Kent DeGroat,Cooper/Tooper,1,
Dog,Java Joe,Joe,0,Corgi
Dog,Heidi hoho,Heidi,7,
Dog,Finlay Heisenberg,Finn,8.0,Shetland Sheepdog
Cat,Porkchop,Porkie,4,
Dog,Nala Belle,Nala,11,Golden Retriever
Cat,Lila,Lielee,10,Domestic long-hair
Dog,Matelin Paco Junior,Mate,9,Australian Shepherd
Cat,Applesauce,Apple,2,
Dog,Eddie,Eddie,8,Chihuahua
Dog,Sir Thompson Squigglebutt,Tommy,7,Chihuahua
Dog,Miss Kasey Bubbles,Kasey,8,English Setter
Dog,Angel,Angel,9,Golden Retriever
Dog,Loosie,Goose,15,Whippet
Bird,Ruby,Ruby,2,Parakeet
Dog,Sophie,Sophie,14,Whippet
Lizard,Robert,Robbie,1,Leopard gecko
Dog,Douglas,Douglas,10,Basset Hound
Dog,Zoi,Z,1,English Setter
Cat,Menke,Menke,4,Manx
Dog,Jasper,Jasper,14,Whippet
Dog,Rupert,Roo,3,Basset Hound
Dog,Spencer,Spence,10,Pointer
Dog,Sir Clyde Bootsie Sideeye,Clyde,11,Chihuahua
Dog,Daisy Mae,Daisy,7,Mix
Dog,Teddy Bear,Teddy,11,Mix
Dog,Edward Gene,Eddy,15,Golden Retriever
Dog,Peaches Monroe,Peaches,4,Jack Russell Terrier
Dog,Sir Nicholas,Nick,9,Mix
Dog,Eowyn,Eo,13,Shih Tzu
Dog,Jayden,Denden,8,Shih Tzu
Dog,Joey,Jo,1,Golden Retriever
Dog,Walker Texas Ranger,Wally,1,Mix
Dog,Mike Mussina,Moose,1,Mix
Cat,Azuca,Zucchini,8,
Cat,Lady Bluebelle,Bluebelle,16,Domestic medium-hair
Dog,Demon Deacon,Deke,13,Golden Retriever
Dog,benny the tiny von hudehoff,Benny,5,Yorkshire Terrier
Dog,Jacky,Jack,3,Golden Retriever
Dog,Gigi,Gigi,10,Golden Retriever
Dog,Liontamer‚Äôs Nelson M Mandela,Nelson,2,Rhodesian Ridgeback
Dog,Toby,Toby,12,Golden Retriever
Dog,Sugar,Sugar,13,Mix
Cat,Rey,Rey,2,
Dog,Mackley,Mackey,4,Bulldog
Cat,Gordon BaNarNar,Gordon,6,
Dog,Sugar,Sugar,5,Golden Retriever
Dog,Minnie,Minnie,10,Miniature Pinscher
Dog,Meeko letang,Bubby,3.0,Collie
Cat,"Mephistopheles, der leibhaftige Teufel, Lord of the Underworld, Bringer of Darkness",Felix,11,Domestic short-hair
Dog,Oddjob,Jobby,11,Mix
Cat,River,River,8,Domestic short-hair
Dog,Charleston Wesley,Charlie,1,Mix
Dog,Shelby,Shelb,0,Mix
Dog,Barracuda,Cuda,0,Mix
Hamster,Lilapution Marie,Lilla,0,
Dog,Daisy,Daisy,5,Mix
Dog,Moose Van Haus Huenink,Moose,3,Rottweiler
Dog,Princess Bella Marie,Bella,11,Mix
Hamster,Turtle Dove,Turtle,0,Syrian
Dog,Geno Stoneycreek Pugh,Beans,2,Rottweiler
Cat,Axel daxel,Axel,9,Domestic short-hair
Fish,Michael Lee,Michael,0,Betta
Cat,Babe Ruthy,Babe,9,Domestic short-hair
Dog,Sadie Mae,Sadie,6,German Shorthaired Pointer
Chinchilla,Stanley,Stan Bug,0,
Dog,Ruby Sue,Ruby,3,Bluetick Coon Hound
Rabbit,Richard Fineman,Richie,4,
Dog,Zoey,Zoey/zozo,8,Golden Retriever
Dog,Apollo,Apollo,10,Boxer
Dog,Petey,Pete,11,Mix
Cat,Scuto,Scutie,10,Burmese
Dog,Sadie Blue,Sadie,9,Mix
Dog,Mira,Weetum,13.5,Mix
Dog,Ginger,Ginger,8,Mix
Cat,Cookie Dough,Miss Dough,6,
Tortoise,Kachu,Kachu,4.0,
Dog,Hairy Potter,Hairy,12,
Dog,Cricket,Crickita,,Mix
Dog,Xenia Marie,Xenia,8,German Shepherd
Guinea pig,Potato,Tot,3,Abyssinian Guineapig
Dog,Daisy Mae,Daisy,12,Cairn Terrier
Chinchilla,Ashe,Ashe,3,American standard chinchilla
Fish,Mr. Moesby,Mr. Moesby,3,Goldfish (common)
Fish,Helen,Helen,3,Goldfish (tiny)
Dog,Skylar,Sky dog,15,Mini Aussie
Dog,Maybus Dogstoevsky,Maybe,11,Treeing Walker Coonhound
Dog,Kahlua,"Louie, LouLou, KaHULA, FlufferNutter",7,Mini Aussie
Cat,Foster,Foster,13,Domestic short-hair
Cat,Reese,Reese,13,Domestic short-hair
Dog,Maggie pie thatcher,Maggie,0,Blue lacy
Dog,Ashildr,Ashy,1,Boxer
Dog,Elsa,Stinky poo poo,17,German Shepherd
Dog,Belle,Stinky poo poo too,17,Golden Retriever
Cat,Mufasa,Mufasa,14,Domestic long-hair
Dog,Zeus,Zeusy,8,Mix
Guinea pig,Niblet,Fat pig,4,Guinea pig
Dog,Molly,Miss Pants,6,Mix
Cat,Valerie Spaceship Pizza Party,Bubba,6,Domestic short-hair
Hamster,Penelope,Penne,1,Syrian
Cat,Peanut,Peenie paneenie,0,
Cat,Jupiter,Monsieur Jups,6,Domestic short-hair
Dog,Chip,"Chippy, Chipper, Dumbo, or Chipper Dipper",13.5,Labrador Retriever
Dog,Chewustuffer Asshole,Chewy,2,Golden Retriever
Dog,Sailor Moon,Either Sailor or Moon,4,Newfoundland
Dog,Navigator‚Äôs Sipsey River PrinceS,Sipsey,11,Labrador Retriever
Dog,Buddy,Bud,9,Border Collie
Dog,Brown Butter Biscuit,Biscuit,12,Labrador Retriever
Dog,Millie,Lil mil,13,Mix
Dog,Jonah,Jonah,5,Mix
Dog,Diggs,Diggs,9.0,Australian Cattle Dog
Bird,Gudlaguba,guba,2,
Dog,Herman,"Hermie, Herm-Derm, Herbie, Herm-Worm",14,Dachshund
Cat,Isis,Isis,9,Domestic short-hair
Dog,Datsyuk,Datsyuk,0,Mix
Dog,Nightwing,Nightwing,6,Mix
Dog,Isabella,Bella,5,Mix
Dog,Princess Buttercup,Princess,4,Mix
Dog,Sir Jake of Zoar,Jake,11,Labrador Retriever
Cat,Michael Theodore Wazowski,Mike,2,
Dog,Scout,Scout,6,Cavalier King Charles Spaniel
Dog,Aluxe,Aluxe,14,Poodle (Standard)
Dog,Brownie,Brownie,11,Cavalier King Charles Spaniel
Cat,Catsby,Catsby,12,Domestic short-hair
Rabbit,Clementine the Lemon,Clem,7,
Dog,Shelby May,Shelbs,6,Mix
Dog,Mr. Henry Midas Darcy,Henry,7,Golden Retriever
Cat,Hermes,Hermes,10,
Dog,Annie Reese,Annie,11,Mix
Dog,Blackjack,Blackjack,3,Mix
Cat,Dolly Madison,Dolly,11,American short-hair
Cat,Franklin Roosevelt,Franklin,16,Siamese
Cat,Abby,Abby,2,
Dog,Jaden,Jaden,,
Dog,Sophie,Soph,9.0,Golden Retriever
Cat,Elizabeth Bennet,"Elizabeth, no!",13,Domestic long-hair
Cat,Amadeus,Booboo,13,Domestic long-hair
Dog,Petey,Petey,11,Golden Retriever
Dog,Jack,Jackson,11,Golden Retriever
Dog,Bella,Bell,8.0,Mix
Dog,Starsky Buford,Starsky,7,Foxhound (I think)
Prairie dog,Beatrice,Trixie,5,Mexican black tailed
Dog,Quito,Kiki,4,Mix
Dog,Wiggins,Wiggs,3,Mix
Bird,Aretha,The broody one,1,Black star hen
Snake,Stanley,Stanley,1,Ball python
Dog,Bella,Smelly Belly,13,Weimaraner
Hermit crab,Golddigger,Goldie,,Australian
Dog,Maple,"Mapie, Mapes",0,Shiba Inu
Dog,Sara,Sara,7.0,Polish Tatra Sheepdog
Insect,Professor McGongall (the queen),Hogwarts (the hive),0,Bees
Dog,Clementine,Clem,5.5,Coonhound
Dog,Ali May,Ali,12,Mix
Dog,Aspen,Ass-pen,3,Coonhound
Dog,Amber,Amber,2,German Pointer
Guinea pig,Diego,Dego Bear,3,
Guinea pig,Linus,Linus,1,American guinea pig
Dog,Coquine,Ti-Chat,15,Maltese
Guinea pig,Colby,Colbs,3,
Dog,Medley May,Med head/big medley,8,Great Dane
Dog,Maggie,Mag bag,3,Great Dane
Dog,Finn Jethro,Finny,7,Poodle (Standard)
Dog,Tallulah Lilac,Lulah,4,Poodle (Standard)
Dog,Bear,Bear,6,Mix
Cat,Fuji,Worm,9,
Dog,Emily,Emily,7,American Pit Bull Terrier
Dog,Winifred Yankeestaff Arnone,Winnie,13,Staffordshire Bull Terrier
Dog,Bella,Bella,9,Shih Tzu
Dog,Mocha Latte,Moch,2,Mix
Dog,Bentley Rockstaff Jardine Arnone,Bentley,0,Staffordshire Bull Terrier
Cat,Lili,Lili,11,Russian Blue
Dog,Freddie Mercury,Freddie,15,Miniature Schnauzer
Dog,Einstein Pancake,Einstein,11,Mix
Cat,Kit Marlowe,Marlowe,11,Domestic short-hair
Dog,Sir Eggs Benedict,Benny,2.5,Corgi
Dog,Bandit,Ban ban,8,Husky
Cat,Beauregard Montgomery Cat,Beau,3,
Dog,Mac,Mac,5,Border Collie
Dog,Shepherd E Stoltzfus,Shep,5,Border Collie
Dog,Cinnamon,Chinamon,4,Labrador Retriever
Rabbit,Greta,Greta,13,Mini Rex
Dog,Rocky Ciroc,Ciroc,6,Bichon Frise
Cat,Cloudy,Cloudy,9,
Cat,Sunny,Sunny,5,
Dog,Jack,Jack,2,Dachshund
Dog,Baldrick of Blackadder Bob,Bob,14,Schnauzer
Dog,Danny,Danny,,Mix
Dog,Troy,Sweetie,9,Mix
Dog,Lavender,Lav,8,American Pit Bull Terrier
Dog,Buddy,Mr. B,6,Golden Retriever
Dog,Chase,Chase,6,Boxer
Dog,Charlotte,Charlie,8,Mix
Dog,Ice,Ice,14,Mix
Fish,Alpha (the Beta),Alpha,0,Betta fish
Dog,Dolly,Dolly,0,Mix
Dog,Geoffrey,Geoffrey,1,Mix
Rabbit,Aragorn,Strider,5,Dwarf lop
Rabbit,Arwen,Arwen,4,Lion head dwarf lop
Dog,Holly,Holly,8.5,Golden Retriever
Dog,coco pollybird,Coco,10,Cocker Spaniel
Dog,Tim,Tim,12,Beagle
Dog,Magui Josefina Primera Mercado,Mo√±o√±ito,16,Cocker Spaniel
Turtle,Robustiana,Robby,5,
Dog,Scooby,Scoob,,Cocker Spaniel
Dog,Balto Jos√©,Bartolo,6,
Bird,Lul√∫ Anastasia,Pollo,16,
Dog,Xena Badass McAwesome Princess Flufflepuffs of the Ashen Fields of Mordor,Xena,6,Golden Retriever
Dog,Wilbur,Wilby,6,Mix
Dog,Rowena Ravenclaw,Puppy,3,Rhodesian Ridgeback
Dog,Magnificent,Maggie,7,Mix
Dog,Nova,Scoosh,0,Cocker Spaniel
Dog,Penny,Penny,12,Rat terrier
Cat,Jasper,Jasper,8,
Dog,Maisie taters,Maisie,2,Mix
Dog,Guinness,Guinness,9,Australian Shepherd
Dog,Johnny Bee,Johnny,5,Mix
Cat,Emma,Emma-zoo,21,
Dog,Mayflower,May,12,Labrador Retriever
Cat,Benjamin,Ben,6,
Dog,Roscoe,Roscoe,13,Beagle
Cat,Pitted bear,Pits,6,
Cat,Lily,Lily,20,
Cat,Maggie,Maggie,19,
Cat,Tom,Tomsl,18,British short-hair
Cat,Gerri,Gerri,17,British short-hair
Dog,Ashley,Ashley,5,Cocker Spaniel
Cat,Moritz,Mori,8,
Dog,Janis,Janis,7,
Dog,Leonardo,Leo,7,Pekingese
Rabbit,Cheeky,Twatty,5,
Cat,Tyler,Doofus,11,Domestic short-hair
Dog,Ceili Kibbles,Ceili (pronounced K-Lee),10,Golden Retriever
Cat,Kiki,Kikster,11,Domestic short-hair
Dog,Charlie,Charlie,0,Bernese Mountain Dog
Cat,Oreo,Oreo,0,Domestic short-hair
Cat,Ichi,Itch,8,
Fish,Mussel,Muss,3.0,
Dog,Mango,Mango,2.0,
Hamster,Muffin,Muffin,2.0,
Dog,Rufus,Roofie,14,Golden Retriever
Dog,Daisy,Daze,0,Golden Retriever
Dog,Lily,Lils,13,Golden Retriever
Dog,Bertie,Bertie Boy,0,Golden Retriever
Dog,Max,Bear,7,Akita
Dog,Molly,Moo,7,Beagle
Dog,Poppy,Poppy dog,2,Golden Retriever
Dog,Daisy,Daisy dog,2,Golden Retriever
Cat,Nica-Nu,Nica-NO-GIVE-THAT-BACKQ,1,British short-hair
Cat,Meredith,Mer,8,
Dog,Koda,Koda,9,Golden Retriever
Dog,Elwood,Elwood,9,Golden Retriever
Dog,Jake,Jakey,9,Golden Retriever
Cat,Blizzard,White,13,
Cat,Hemingway,Hemi,9,
Cat,George,Porge,11,
Dog,Miles,Miles,8,Labrador Retriever
Cat,Sherbert,Sherbert,1,
Cat,Liesje,Liesje,5,
Dog,Indiana,Indy,10,English Springer Spaniel
Cat,Diego Maradona,Degs,3,
Dog,Maximus Harvey,Max,2,Golden Retriever
Cat,Paco,PAC man,2,
Dog,Douglas Ray Richardson the Third,Doug,6,Australian Cattle Dog
Guinea pig,Wilbur,Wilbur,1,n/a
Guinea pig,Vincent,Vinnie,1.0,n/a
Dog,Harley,Gnarly,4,Pug
Tortoise,Taco,Taco,7,Russian Tortoise
Dog,Buster,Busty,14,Jack Russell Terrier
Dog,Alfie,Alfie Dude,14,Jack Russell Terrier
Dog,Mila,Mila,9,Mix
Dog,Zero,Boydog,10,Rhodesian Ridgeback
Rabbit,Cirkeline,Cirkeline,7,Mixed
Dog,Bella Nina,Bella,7,Mix
Dog,Thomas James,Tom,4,
Dog,Archie,Archie,0,German Shepherd
Cat,"Mao. (As in Chairman Mao,  not miaow or Mayo.",Mao,14,Domestic short-hair
Dog,Briggs,Briggy,10,Mix
Dog,Mya (The Dog),My,13,Labrador Retriever
Cat,Dee Dee,Dee,13,
Dog,Neela,Neely,8,Shih Tzu
Dog,Hank,Hankle,2,Mix
Dog,Button,Button,7,Mix
Dog,Missy Princess,Missy,14,Cocker Spaniel
Dog,Prince,Prince,7,Mix
Dog,Samuel,Sam,8,Golden Retriever
Cat,Wolfe,Buddu,11,Domestic short-hair
Cat,Muppet,Muppy,6,
Bird,Bruce,Brucey,10,Budgerigar
Dog,Precious Fudge,Miss Precious,12,Mix
Dog,truffles,truffs,11,Poodle (Standard)
Dog,woodland,Woody,4,Chihuahua
Rat,Tomasa,Tommy,1,
Dog,Heath M&M,Mr. Peaf,8,Australian Cattle Dog
Dog,Mosley,Mr. Mosley,6,Mix
Dog,Peter,Mr. Peter,3,
Cat,Miss Lucy,Lucy,4,Siamese
Cat,Miss Molly,Molly,3,
Cat,Luna,Luna,0,Ragdoll
Dog,Sammy,Sammy,12,Mix
Dog,Theodore Barkalot,Teddy,8,Mix
Bird,Delphine,,2.0,Speckledy (chicken)
Dog,d'Artagnan,Dart,17,Pug
Cat,Fire,Fire,0,Domestic short-hair
Cat,Ash,Ash,0,Domestic short-hair
Cat,Kami,Kam,1,Domestic long-hair
Cat,Kit Kat,Kit,0,Domestic medium-hair
Dog,Celsius Pele Amadeus Cartier,Celsius,11.0,Labrador Retriever
Dog,Lando Calrisian,Lando,4,Labrador Retriever
Dog,Obi-Wan,Obi,2,Labrador Retriever
Dog,Titus Sirius Icarus Cartier,Titus,10.0,Mix
Dog,Samuel T Dogg,Sam,8,Labrador Retriever
Cat,Puka Shell,Puka,3,
Cat,Lily Pad,Lily,1,
Dog,Oreo Ann,Oreo,11,
Dog,Oliver,Ollie,7,
Dog,Stamford,Stamford,10,Mix
Dog,Bentley,Bentley,4,Labrador Retriever
Dog,Lulu,Lulu,10,Jack Russell Terrier
Dog,Ella,Elephant,8,Mix
Dog,Roxy,Roxy,5,German Shepherd
Cat,Andrew Angela,Andie,1,American short-hair
Cat,Cricket,Creekee,8,American short-hair
Dog,Desmond,Dez,8,English Black Labrador
Cat,Tallulah May,Chunky butt,2,American short-hair
Dog,Stella,Stella,9,Mix
Cat,Snowflake,Snow / Snowy,11,Mix
Dog,Sheena,Beena,12,Golden Retriever
Cat,Rico,Rico,13,
Cat,Sirius Black,Chonk,4,
Cat,Bellatrix Lestrange,Bella,2,
Dog,Perry the Poodle,Perry,2,Poodle (Standard)
Dog,Cody the Corgi,Cody,3,Corgi
Cat,Princess Penelope Pineapple Pizza,Kitty,3,
Cat,Mel,Melzinga,3,
Dog,Ginevra Molly,Ginny,0,Golden Retriever
Cat,Mel de Melissa Duarte Brandizzi,Mel,3,
Cat,Mila Vilela Brandizzi,Mila,1,
Cat,Sushi,Baby / Sushi Burger,14,
Dog,Riley,"Riley or Ri (pronounced RHY), but then there‚Äôs a bunch of nicknames like (Riley Roo, Roo, Ri Ri, Bud, Buddy, Bub, etc)",4,Husky
Dog,Cleopatra,Cleo,3,Greyhound
Dog,Coco,Coco,10,Corgi
Dog,Captain,Captain aka Cappie,14,Husky
Dog,Buddy,Buddy,8,Mix
Dog,Magnolia Mae,Maggie,2,Corgi
Dog,Sam,Sammy,5,Border Collie
Frog,Lily,Lily,1,
Dog,Zoey,Zo,4,Mix
Cat,Sammy,Sammy,9,
Cat,Tika,Tika,8,
Cat,Prince William,William,9,
Dog,Chip,Chippers,2.0,Golden Retriever
Spider,Rosie,Rosie,6,Chilean rose hair tarantula
Cat,Zoey,Zoey,5,
Cat,Stella Lou,Stella,2,
Dog,Snickers,Snick,8,Labrador Retriever
Dog,Max,Max,12.5,Labrador Retriever
Dog,Leeloo,Leeloo,2,Mix
Dog,Owen,Owen,13,Ridgeback
Dog,Daisy May,Daisy,11,Golden Retriever
Cat,Maria,Maria,8,Mix
Dog,Sunshine,Sunny,4,Mix
Cat,Penelope,Penelope,9,
Lizard,Pebbles,Peb,4,Leopard Gecko
Dog,Freskin,Fattima Bouffants,13,Labrador Retriever
Dog,Philippa,Pippa,4,American Hairless Terrier
Dog,Lillie (Lilian now that she‚Äôs older),Lillie,5.0,Boxer
Cat,Callie,Callie,15,
Dog,"Dr. Wolf Barker, MD PhD DOG",Wolfie,7.0,Mix
Dog,Toby,Tobias,10,Bichon Frise
Cat,Mackintosh,Milo,10,
Dog,Alice,Alicima Bouffants,11,Bichon Frise
Dog,Dee Dee,Deedle Dumpling,10,Bichon Frise
Dog,Oliver,Oliver,12,Bichon Frise
Dog,Reuben,Reuben,12,Bichon Frise
Dog,Mowgli,"Mowgli, Mr. Tude (when he's sassy)",3.0,Mix
Dog,Toby,Toby,12,Labrador Retriever
Gerbil,Salt,Salt,2,
Gerbil,Pepper,Pepper,2,
Cat,Shaka,Shaka,9,Siamese
Cat,Zia,Zia,12,Siamese
Dog,Buddy,Buddy,11,Mix
Dog,Bella Sitka LASTNAME,"Bell, Bella, Pretty",15,Miniature American Eskimo
Dog,Monty,Montgomery of Fitzgerald,8,Labrador Retriever
Dog,Luna Lastname,"Luna, Loon, Loonie, Miss Loon, Wiggles",0,Dachshund
Bird,Vaillante,Vaillant,5,
Dog,Echo Last Name,Echo,12,Miniature American Eskimo
Dog,Nuffin,Nuffin,6,Golden Retriever
Cat,Tauriel,Tauriel,4,Domestic short-hair
Cat,Garbanzo,Bean,4,Domestic short-hair
Dog,Mars,Chano,9,Corgi
Dog,Calhoun Richard Anderson du Nord,Cal,3.5,Golden Retriever
Dog,Charlie Brown,"Charlie, Charizard, Charles",10,Labrador Retriever
Dog,Bixby Lucas,Bixby,1,Labrador Retriever
Cat,Luna Linetti,Luna,1,
Dog,Taco,"Taca Taca, snorticus",13,Mix
Dog,Belle,Jelly Belly,3,Mix
Dog,Jimmy,Jimmy,3,Jack Russell Terrier
Hamster,Wobbles,Wobbles,0,Syrian Hamster
Cat,Buddha,Buddha,15,Domestic short-hair
Dog,Miles,Miles,10,Redbone Coonhound
Dog,Eleanor Rose,Elly,5,Golden Retriever
Cat,Charlotte May,Charlotte,4,
Dog,Cooper Jay Nigel Winston,Cooper,8,Mix
Dog,Buddy Augusto,Buddy,14,Cocker Spaniel
Dog,Dash,Dash,7,Mix
Cat,Calvin Coolidge Cat,Cal,17,Siamese
Cat,Gracie Coolidge Cat,Gracie,16,Russian Blue
Dog,Opie,Dope/ Opie,11,Golden Retriever
Dog,Georgia,Georgia,3.0,
Cat,Emile,Mealsies,6,Chartreux
Cat,Zoe,Zoe,3,Mix
Cat,Malcolm,Mal,3,
Dog,Dino,Dino,,Keeshond
Cat,Molly,Molly magoo,1,Mix
Cat,Bruce Springsteen,Bruce,24,
Dog,Penny,Penny,10,Mix
Cat,Raven,Raven,6,Domestic short-hair
Cat,Clarabelle,Clarabelle,7,Domestic short-hair
Dog,Alex‚Äôs Fiesty Girl Bailey Balogh,Bailey,10.0,Golden Retriever
Dog,Rey,Reymundo,2.5,Mix
Dog,Uwe,Uwe,4,Golden Retriever
Dog,Millie Betty,Mill,1.5,Dalmatian
Dog,Henry,Henny,1.0,Dalmatian
Dog,Daisy May,Daisy,13,Mix
Dog,Chamomile June,Cammie,9,Cocker Spaniel
Dog,Chapman,Chapman,15,Labrador Retriever
Dog,Tucker,Tucker,0,Australian Shepherd
Dog,Chappelle,Mutt,7,Mix
Cat,Wilhelmina Rae,Willa,5,
Cat,Frances Louise,Frankie,6,
Cat,Victoria Susan,Tori,6,
Cat,Ossana Mae,Ossie,5,
Dog,Bella,Bella,11,Greater Swiss Mountain Dog
Dog,Toby Wan Kenobi,Toby,1,Golden Retriever
Dog,Daisy,Daisy,12,Labrador Retriever
Dog,Beaucoup du Chien,Beau,,Newfoundland
Dog,Pumpkin,Pumpkin,,Labrador Retriever
Dog,Poquit,Poquit,,Labrador Retriever
Cat,Orange Laurie,Orie,,
Cat,Sunset,Sunny,,
Dog,Rosie,Rosie,9,Golden Retriever
Cat,Matilda,Matilda,4,Domestic short-hair
Dog,Murphy,Murphy,10,Yorkshire Terrier
Dog,Giacomo Science,Giacomo,6,Bernese Mountain Dog
Dog,"Zuul, minion of Gozer",Zuul,5,Mix
Dog,Trogdor Jealous,Dora,14,Mix
Cat,Idalou,Lou,5,Domestic short-hair
Dog,Professor Tuxedo,Tux,1,Bernese Mountain Dog
Dog,Bodie,Bodie,8,Golden Retriever
Dog,Zoey,Zoey,5.0,Mix
Cat,Eddy Jefferson,Eddy,4,
Dog,Joel Carlos,Joel,3,Mix
Dog,Lola,Lola,1,Cocker Spaniel
Cat,Margot Mae,Margot,4,Domestic short-hair
Dog,Rufus,Rufus,15,Cairn Terrier
Dog,Sadie,Bubba,12,Golden Retriever
Cat,Chester,Kiddo,1,
Dog,Zoey Deschanel,Zo,12,Bichon Frise
Dog,Cooper,Coop,6,Golden Retriever
Dog,Captain Goose,Goose,1,
Dog,Mr Doctor Professor Constable Detective Brick,Brick,8,Bulldog
Dog,Ellie Sattler,El,1,
Cat,Lily,little shit,4,
Dog,Juke,Juke,4,Dachshund
Dog,Blue,Blue,0,Labrador Retriever
Dog,Kiefer Bartholomew,Kief,9,Belgian Malinois
Dog,Jackson,Jax,5,Mix
Cat,Marzipan,Pan,2,
Dog,Zeta bear,Bear,6,German Shepherd
Cat,Sunny,Sun Bun or just Bun,0,
Hedgehog,Professor Minerva McGonaquill,Minnie,2.5,African Pygmy
Dog,Minnie,MinniePin,2,Mix
Fish,Fsh,Fsh,10,"Mexican Blind Cave Tetra (therefore, it was born with no eyes (so it has no ‚Äúi‚Äôs in its name))"
Dog,Dixie,Dixie,15,Mix
Dog,Rosa Barks,Rosie,11,Shih Tzu
Dog,Charlie,Charlie,0,Mix
Dog,Jack Dog,Jack,16,Mix
Cat,Minerva,Minny,6,
Dog,Timon,Timon,3,Mix
Dog,Leila Fowler-Martinez,Leila or Pinche Leila,7,
Dog,Tubu,Tubu,11,Chihuahua
Cat,Venus,Kitty,11,Domestic short-hair
Dog,Goodness Gracious,Gracy,12,Shih Tzu
Dog,Monkey,Monkey,11,Mix
Cat,Jynx,Jynx,4,Domestic medium-hair
Dog,Rosie,Rosie Posie,,Golden Retriever
Cat,Wendy,Wendy,3,Domestic short-hair
Hamster,katya,chicken (idk why),2,russian dwarf
Dog,Scirocco Augustus,Rocco or Crocco,5,Mix
Dog,Heavy Duty Puppy,Duty,4,
Rabbit,Arthur,Arturo,5,English Lop
Cat,Jack,Kitty boy,6,
Dog,Siena Rosa,Siena,12,Golden Retriever
Dog,Buttercup Maplesde,Butternut,2.5,
Dog,zuez Maplesden,zuzy,2.5,
Dog,Bella Maplesden,Bella,2,Mix
Cat,Hercules Maplesden,Hercules,2,
Dog,Ghia Lynn,Ghia or Geeg,1,Mix
Dog,Delilah,Lilah,7,Beagle
Cat,Bailey's Irish Cream,Bailey,13,Mix
Dog,Treacle,Treacle,10,Mix
Dog,Sam,Sam,11,Labrador Retriever
Dog,Tyson,"Tysbert, T McT, Mucki, Muckelbert, Muckmuck, Maggey",14,Mix
Cat,Madison Square Garden,Square,2,
Cat,Garfield,Cooter üò≥,8,
Dog,Parker,Parker,11,Mix
Dog,Captain Avro Clarence,Avro,6,Schnauzer
Dog,Carlene,Weentz,4,Mix
Dog,Linda,Linda,10,West Highland White Terrier
Cat,Stellabella,Stella,7,
Dog,Toby Wooferton,Toby,18,Mix
Dog,Sacha,Fjollehoved (Danish for goofball),13,Labrador Retriever
Cat,Ponce de Leon,Ponce,7,Domestic short-hair
Dog,Snickers,Snicks,14,Mix
Cat,Echo,Echo,12,
Cat,Tiga,Tiga,7,Domestic short-hair
Dog,Sherlock Bones,Sherlock,4,Mix
Dog,Irene Adler,Addie,8,Bulldog
Cat,Bloo,Bloo,11,
Dog,Wallace,Wally,2,Mix
Dog,Dude,Handsome,2.5,Labrador Retriever
Cat,Mitten,Tuna,13,
Dog,Bailey,Bailey,9,Golden Retriever
Dog,Willow,Sweetie,6,Labrador Retriever
Dog,Philistine Smoosh,Bill,14,Jack Russell Terrier
Cat,Kitty Cat,KC,13,
Cat,Elvis,Tubby,12,Siamese
Dog,Henry Nacho,Henny,8,Golden Retriever
Dog,Maximilian Kolby,Maxy,16,Golden Retriever
Dog,Argos,Argos,6,Mix
Ferret,Buttercup,Butter,,
Elephant,Jumbo,Jumbo,19,Loxodon
Dog,Madeline Grace,Ma ma,15,Golden Retriever
Dog,Elvis,Elvis,11,Mix
Dog,Coconut Butter,Coco,5,Mix
Dog,Lucy-fur,Lucy,12,Golden Retriever
Dog,Sophie Grace,Soph,13,
Dog,Prince,Prince,14,Mix
Dog,Jackson Buttsickle,Jacks,4,Mix
Dog,Lassie,Lass Lass,14,
Dog,Charles Xavier II,Charlie,4,Great Pyrenees
Cat,GingerSnapz C. Cat,GingerSnapz,7,Domestic short-hair
Dog,Caroline,Caroline,5.0,Mix
Cat,Shadow,Shadow,11,
Cat,Murray 2,Murray,7,
Dog,Beau,"Goomby, Mr. Beauregard",4,Golden Retriever
Dog,Lindon,Lindy loo,10,Mix
Cat,Marilyn,"Chirp, Pumpkin Pie, Meow Meow",5,
Dog,Tedward,Teddy,4,Mix
Dog,Zuzu,Zu,4,Mix
Dog,Marcus Brutus,Brutus,4,Boxer
Cat,Charlie Chaplin,Charlie,1,
Cat,Molly Tigerlily,Molly,1,
Cat,Britannia,Brit,10,
Dog,Brownie Leigh,Brownie,3,Mix
Dog,Jersey Girl,Jersey,11,Mix
Dog,Stella,Stells,10,Mix
Dog,Lizzie,Lizzie Pie,6,Mix
Cat,Marby,Beanie baby,14,American short-hair
Dog,Roxy,Roxy Socks,1,Mix
Dog,Coco Murfree,Coco,9,Border Collie
Dog,Ozzy,Ozlet,1,Mix
Dog,Winston Pigaloo,Winston or Lewis,6,Pug
Dog,Noodle,Noodle / Weenie,13,Dachsund
Dog,Phantom,Phantom,5,Staffordshire Bull Terrier
Dog,Ellen Park,Ellen,3,
Cat,Meredith,Mer,1,Domestic short-hair
Cat,Brennan Zachary,Punkin butt,8,Domestic short-hair
,Fishy,Fishy,18,
Dog,Spud,Schmoops,1.5,Corgi
Dog,FN 2187,Finn,1.5,Mix
Cat,Frank En Stein,Frank,8,Maine Coon
Dog,Pisco,Pisco,5,German Pointer
Dog,Sadie,Sadie,3,German Shepherd
Dog,Lola,Loli Ravioli,0,Golden Retriever
Dog,Addie Heart,Addie,8,Mix
Dog,Ernie,"Ernburn, Erndog, Ernieworm",1,
Chinchilla,Milo Chicken Nugget,Milo,0,
Cat,Melon,Mel,3,
Dog,Semaj,"Sammich, Dumbledork",4,Shih Tzu
Dog,Maya,"Little Miss Maya, Diva",8,Shih Tzu
Dog,Bijou,Bijou,12,Mix
Dog,Pesto,Pesto,0,Beagle
Dog,Maggie,Magz,,Mix
Cat,Doctor snuggles von fluffybottom,Doc,6,
Dog,Toby,Toby,1,Golden Retriever
Dog,Jacob Marley,Jake,6,Golden Retriever
Cat,Dixie,potato,11,
Dog,Cujo,Bubby,11,Cocker Spaniel
Cat,Finn,Finnard,9,Domestic long-hair
Dog,Maizie,Maizie,0,Miniature Schnauzer
Dog,Bruce D4,Bruce,12,Dachshund
Dog,Jackie Kate,Jackie,5,Mix
Dog,Daisy Bear,Daisy or Bear,2.5,German Shepherd
Lizard,Donut,Donut,5,Crested Gecko
Fish,Whiskers Goldie-the-Goldfish Sweetie,Whiskies,2,Beta
Dog,Tinker Stinker,Stinks,2.5,German Shepherd
Cat,Vinnie,Huggiebear Biden,4,
Cat,Watson,Dr. Watson,8,
Cat,Crick,Dr. Crick,8,
Dog,Mile High Ice Storm,Miles,7,Golden Retriever
Dog,Breezy Bear,Breezy,1,Golden Retriever
Dog,Nara,Gorda,3,Australian Cattle Dog
Dog,"Wyatt Daniel, the Wild Corgo",Wyatt,2,Corgi
Dog,,Petra,,Golden Retriever
Fish,Waffle,Waffle,2,Betta fish
Dog,Rosie,Rosie,10,Treeing Walker Coonhound
Dog,Lilly,Lilly,10,Mix
Dog,Charles,Charles,12,Mix
Dog,Pippa,Pip,1.1,Mix
Dog,Oliver,Ollie,7,Jack Russell Terrier
Dog,Kiku,Kiku,3,Mix
Dog,Brandy,Brenda,10,Havanese
Dog,Bobby,bobkin,8,Shih Tzu
Dog,Emma,Emma,12,Mix
Dog,Bessy,Bess,10,Labrador Retriever
Cat,Romanovski,Romi,5,Domestic short-hair
Cat,Fifi La Pou,Fifi,2,Domestic long-hair
Cat,Georgie Porgie,Georgie / Saucy,1,Domestic short-hair
Dog,Dakota,"Woobis, Woobie",13,Mix
Dog,Altrichter,Cooper,9,Golden Retriever
Dog,Tucker,Tuck,7,Golden Retriever
Cat,Milo,Milo,13,
Fish,Pepperwood,Pepperwood,1.0,Betta
Cat,Jameson Chewbacca,Jamie,15,American short-hair
Dog,Penny Bellew,Penny,6,Labrador Retriever
Cat,Buddy,Buddy,2,
Cat,Cat Jenkins,Cat,2,
Cat,Crouton,Crouton,3,
Dog,Morena,Morena,2.0,Corgi
Cat,Samus Aran,Samus,14,
Dog,Brownie,Bub,13,Mix
Dog,Mose Schrute,Mose,2,German Shepherd
Dog,Rocky,Rocky,6,Mix
Cat,Rosalind Franklin,Rosie,1,
Cat,Harley quinn,Baby Kitty,5,
Fish,Sushi,Sushi,2,Beta
Cat,Mister Beans,Mister beans/ beans/ beansy boi,10,Domestic short-hair
Fish,Lord Baphomet: Destroyer of Worlds,Baphomet,,Goldfish
Dog,Tyler John (had to give him a middle name for when he was in trouble),Ty,12,Rhodesian Ridgeback
Cat,Adanac,Chunky,2,American short-hair
Cat,Callister,Callibean,2,American short-hair
Dog,Tux,Tux,9,Mix
Dog,Ruby,Ruby,3,Mix
Dog,Pooch-K,Pooch-k the pooch,7,Mix
Dog,Scooby,Scoobers,0,Mix
Cat,Dwayne,"Mr. Baby Dwayne, Dwaniel, Bub.",3,American short-hair
Cat,Alice,"Spippy, Speeps, Kitten.",11,American short-hair
Dog,Lloyd,Lloyd,11,Golden Retriever
Cat,Bo Schembeckler,Kitty,15,Domestic short-hair
Dog,Ishka,Ish/Ishka,8,Golden Retriever
Dog,Millie,Millie,1.5,Border Collie
Dog,Rossa,"Ross, Rossy, Rossapoo",5,Golden Retriever
Dog,Wookie,Wookie,7,Mix
Dog,Tucker,Tucker,2,Labrador Retriever
Dog,Keifer,Keifer,14,Labrador Retriever
Dog,Frankie,Frankie,7,Mix
Cat,Tenzing,Tenzing,12,Domestic short-hair
Dog,Sammy,Sam,5,Mix
Dog,Barrett,Barrett,3,German Shepherd
Dog,Benjamin,Benj,2,Mix
Dog,Laney,Laney,12,Golden Retriever
Dog,Dixie,Lady,3,American Pit Bull Terrier
Dog,Diesel,Diesel,3,Mix
Hamster,Hamtaro,Hamtaro,,
Dog,Baxter,Baxter,7.5,Golden Retriever
Dog,Riley Marie,Riley,13,Cocker Spaniel
Dog,Reginald Fonzerelli Hawkes,Reg,12,Mix
Cat,Molly,Molly,6,
Cat,Kevin,Booboo,3,
Dog,Erik,Earwig,4,Dachshund
Dog,Oliver,Oli,8,Jack Russell Terrier
Insect,Thing one,Her,1,Spiney leaf insect
Dog,Bilbo Spud Doggins,Bilbo,5,Mix
Dog,Bailey Woofer,Bailey,13,Cocker Spaniel
Cat,Roy lee laramie,Roy,10,
Cat,Petunia,Tuney,8,
Dog,Skyy like the vodka,Skyy,3,Husky
Lizard,Stubbs,Stubs,15,Leopard gecko
Dog,Malibu like the rum,Malibu,1,Golden Retriever
Dog,Golden Tate,Tate,2,Golden Retriever
Dog,Bear,Bear,0,Labrador Retriever
Dog,Stanley,Stan,0,Schnauzer
Cat,Coco,Coco,4,Domestic short-hair
Dog,Andromeda Mae,Andie,6,Mix
Dog,Eloise Gertrude,Ellie,2,Mix
Dog,Lady Bonnie of Coventry,Bonnie,8,Mix
Cat,Ophelia Marie KitKat Mcdougle O‚ÄôMalley Jr.,Ophelia,9,
Cat,Sie Isaac Newton,Newton,16,
Cat,Black Cat,BC,3,
Dog,Gibson,Gibby,2.5,Mix
Dog,Brewskie,Brew,11,Mix
Cat,Wolfgang Motzart,Wolfie,7,American short-hair
Dog,Koli,Koli,11,Mix
Dog,Moxie Jean Narice,Moxie,1,Mix
Dog,Dancer Pants,Dancer,17,Havanese
Cat,Kitty or The Cat (if she's being bad),Kitty,1,
Fish,Blueberry,Blue,0,Beta Fish
